{
  "timestamp": "2025-09-08T13:36:23.298041",
  "games_per_matchup": 20,
  "total_time_seconds": 10.81952166557312,
  "win_rates": {
    "easy": {
      "easy": 1.0,
      "medium": 0.35,
      "hard": 0.4,
      "expert": 0.1
    },
    "medium": {
      "easy": 0.55,
      "medium": 1.0,
      "hard": 0.7,
      "expert": 0.5
    },
    "hard": {
      "easy": 0.8,
      "medium": 0.4,
      "hard": 1.0,
      "expert": 0.25
    },
    "expert": {
      "easy": 0.8,
      "medium": 0.55,
      "hard": 0.6,
      "expert": 1.0
    }
  },
  "game_lengths": {
    "easy_vs_easy": [
      15,
      21,
      11,
      16,
      17,
      13,
      17,
      15,
      10,
      12,
      11,
      11,
      13,
      11,
      14,
      8,
      14,
      11,
      19,
      16
    ],
    "easy_vs_medium": [
      21,
      17,
      11,
      17,
      17,
      14,
      12,
      13,
      13,
      20,
      10,
      17,
      12,
      10,
      13,
      13,
      14,
      11,
      20,
      17
    ],
    "medium_vs_easy": [
      7,
      15,
      16,
      16,
      15,
      7,
      11,
      7,
      15,
      21,
      14,
      12,
      15,
      9,
      11,
      19,
      9,
      7,
      37,
      15
    ],
    "easy_vs_hard": [
      8,
      13,
      84,
      16,
      4,
      11,
      11,
      13,
      6,
      9,
      4,
      24,
      5,
      8,
      14,
      8,
      15,
      3,
      10,
      6
    ],
    "hard_vs_easy": [
      11,
      15,
      13,
      16,
      7,
      8,
      8,
      5,
      15,
      9,
      10,
      9,
      11,
      14,
      15,
      11,
      15,
      12,
      13,
      9
    ],
    "easy_vs_expert": [
      8,
      10,
      10,
      14,
      14,
      12,
      15,
      7,
      13,
      12,
      13,
      8,
      12,
      8,
      10,
      10,
      10,
      6,
      13,
      11
    ],
    "expert_vs_easy": [
      13,
      11,
      15,
      6,
      12,
      7,
      8,
      9,
      10,
      11,
      24,
      13,
      17,
      15,
      12,
      10,
      9,
      13,
      20,
      13
    ],
    "medium_vs_medium": [
      17,
      16,
      15,
      14,
      12,
      15,
      13,
      17,
      14,
      15,
      27,
      17,
      22,
      18,
      17,
      10,
      14,
      21,
      14,
      13
    ],
    "medium_vs_hard": [
      6,
      22,
      8,
      9,
      6,
      6,
      9,
      15,
      9,
      18,
      5,
      17,
      9,
      14,
      14,
      15,
      13,
      11,
      12,
      13
    ],
    "hard_vs_medium": [
      12,
      16,
      15,
      5,
      9,
      14,
      12,
      17,
      15,
      12,
      14,
      15,
      12,
      15,
      8,
      11,
      14,
      13,
      10,
      8
    ],
    "medium_vs_expert": [
      13,
      20,
      24,
      10,
      9,
      15,
      9,
      20,
      15,
      11,
      11,
      11,
      20,
      9,
      17,
      8,
      12,
      14,
      15,
      16
    ],
    "expert_vs_medium": [
      14,
      12,
      14,
      10,
      8,
      11,
      12,
      14,
      6,
      11,
      12,
      14,
      18,
      24,
      12,
      10,
      9,
      11,
      14,
      15
    ],
    "hard_vs_hard": [
      11,
      10,
      7,
      6,
      8,
      6,
      11,
      11,
      5,
      12,
      5,
      5,
      7,
      10,
      14,
      16,
      10,
      5,
      12,
      6
    ],
    "hard_vs_expert": [
      11,
      11,
      17,
      10,
      8,
      5,
      9,
      7,
      10,
      9,
      5,
      13,
      9,
      7,
      8,
      14,
      10,
      6,
      12,
      14
    ],
    "expert_vs_hard": [
      11,
      6,
      11,
      10,
      5,
      5,
      17,
      12,
      11,
      16,
      7,
      11,
      10,
      6,
      13,
      7,
      12,
      9,
      10,
      7
    ],
    "expert_vs_expert": [
      10,
      9,
      7,
      10,
      9,
      10,
      10,
      9,
      11,
      7,
      14,
      8,
      12,
      10,
      6,
      11,
      12,
      8,
      10,
      7
    ]
  },
  "element_usage": {
    "easy": {
      "Aster": 59,
      "Moonshine": 74,
      "Lightning": 58,
      "Wind": 65,
      "Thunder": 52,
      "Sunbeam": 56,
      "Nectar": 85,
      "Twilight": 89,
      "Shadow": 45,
      "Metal": 84,
      "Blood": 54,
      "Space": 66,
      "Earth": 55,
      "Ichor": 81,
      "Time": 56,
      "Wood": 90,
      "Water": 87,
      "Fire": 45,
      "Venom": 49
    },
    "medium": {
      "Lightning": 58,
      "Moonshine": 93,
      "Thunder": 44,
      "Nectar": 108,
      "Twilight": 71,
      "Shadow": 57,
      "Metal": 95,
      "Blood": 46,
      "Space": 46,
      "Earth": 73,
      "Venom": 55,
      "Sunbeam": 63,
      "Time": 61,
      "Fire": 53,
      "Wind": 49,
      "Aster": 53,
      "Water": 74,
      "Ichor": 46,
      "Wood": 47
    },
    "hard": {
      "Lightning": 74,
      "Sunbeam": 86,
      "Thunder": 83,
      "Blood": 105,
      "Earth": 76,
      "Fire": 81,
      "Venom": 86,
      "Aster": 74,
      "Wind": 68,
      "Twilight": 59,
      "Shadow": 74,
      "Water": 73,
      "Wood": 60,
      "Moonshine": 63,
      "Nectar": 67,
      "Metal": 64,
      "Space": 65,
      "Time": 78,
      "Ichor": 62
    },
    "expert": {
      "Moonshine": 76,
      "Venom": 94,
      "Thunder": 83,
      "Twilight": 83,
      "Water": 84,
      "Blood": 58,
      "Earth": 70,
      "Ichor": 63,
      "Fire": 78,
      "Aster": 70,
      "Wind": 71,
      "Lightning": 78,
      "Nectar": 70,
      "Shadow": 63,
      "Time": 81,
      "Wood": 63,
      "Metal": 76,
      "Sunbeam": 45,
      "Space": 68
    }
  },
  "rankings": [
    [
      "expert",
      0.65
    ],
    [
      "medium",
      0.5833333333333334
    ],
    [
      "hard",
      0.48333333333333334
    ],
    [
      "easy",
      0.2833333333333333
    ]
  ]
}