{
  "timestamp": "2025-09-04T13:24:10.598692",
  "games_per_matchup": 20,
  "total_time_seconds": 9.039532661437988,
  "win_rates": {
    "easy": {
      "easy": 1.0,
      "medium": 0.55,
      "hard": 0.4,
      "expert": 0.35
    },
    "medium": {
      "easy": 0.55,
      "medium": 1.0,
      "hard": 0.55,
      "expert": 0.6
    },
    "hard": {
      "easy": 0.7,
      "medium": 0.4,
      "hard": 1.0,
      "expert": 0.3
    },
    "expert": {
      "easy": 0.8,
      "medium": 0.7,
      "hard": 0.5,
      "expert": 1.0
    }
  },
  "game_lengths": {
    "easy_vs_easy": [
      9,
      35,
      12,
      20,
      13,
      23,
      15,
      23,
      10,
      14,
      25,
      17,
      21,
      17,
      11,
      17,
      11,
      7,
      15,
      9
    ],
    "easy_vs_medium": [
      16,
      16,
      23,
      32,
      22,
      11,
      24,
      18,
      14,
      24,
      13,
      16,
      11,
      10,
      18,
      16,
      16,
      10,
      13,
      9
    ],
    "medium_vs_easy": [
      16,
      13,
      12,
      20,
      58,
      26,
      16,
      16,
      24,
      13,
      15,
      31,
      22,
      24,
      17,
      14,
      40,
      26,
      44,
      10
    ],
    "easy_vs_hard": [
      12,
      17,
      16,
      12,
      10,
      12,
      15,
      16,
      13,
      14,
      14,
      25,
      12,
      7,
      10,
      12,
      12,
      10,
      10,
      7
    ],
    "hard_vs_easy": [
      15,
      7,
      10,
      14,
      12,
      6,
      22,
      15,
      17,
      13,
      23,
      18,
      11,
      16,
      9,
      16,
      14,
      9,
      9,
      9
    ],
    "easy_vs_expert": [
      19,
      8,
      8,
      14,
      17,
      11,
      8,
      12,
      8,
      13,
      6,
      12,
      12,
      10,
      7,
      13,
      9,
      23,
      12,
      22
    ],
    "expert_vs_easy": [
      11,
      5,
      15,
      10,
      17,
      12,
      7,
      18,
      7,
      11,
      30,
      18,
      13,
      14,
      10,
      7,
      6,
      13,
      18,
      8
    ],
    "medium_vs_medium": [
      13,
      15,
      18,
      9,
      12,
      12,
      13,
      13,
      32,
      13,
      23,
      32,
      17,
      11,
      15,
      20,
      16,
      13,
      26,
      25
    ],
    "medium_vs_hard": [
      9,
      13,
      14,
      11,
      9,
      10,
      12,
      10,
      14,
      13,
      10,
      11,
      10,
      12,
      20,
      16,
      9,
      10,
      9,
      9
    ],
    "hard_vs_medium": [
      14,
      12,
      13,
      12,
      5,
      13,
      6,
      16,
      22,
      8,
      19,
      13,
      13,
      13,
      12,
      11,
      12,
      19,
      18,
      16
    ],
    "medium_vs_expert": [
      13,
      15,
      8,
      5,
      13,
      21,
      18,
      24,
      10,
      39,
      18,
      11,
      7,
      10,
      16,
      17,
      8,
      5,
      8,
      15
    ],
    "expert_vs_medium": [
      12,
      9,
      10,
      15,
      15,
      5,
      19,
      10,
      11,
      13,
      8,
      18,
      8,
      17,
      8,
      9,
      16,
      6,
      9,
      13
    ],
    "hard_vs_hard": [
      8,
      10,
      8,
      9,
      15,
      10,
      13,
      9,
      14,
      12,
      9,
      8,
      6,
      9,
      5,
      11,
      9,
      8,
      10,
      11
    ],
    "hard_vs_expert": [
      4,
      14,
      10,
      12,
      8,
      10,
      8,
      10,
      13,
      4,
      10,
      5,
      7,
      10,
      5,
      8,
      12,
      15,
      3,
      6
    ],
    "expert_vs_hard": [
      20,
      5,
      11,
      8,
      11,
      4,
      8,
      15,
      11,
      13,
      4,
      8,
      5,
      13,
      12,
      13,
      6,
      15,
      7,
      8
    ],
    "expert_vs_expert": [
      12,
      6,
      16,
      8,
      4,
      15,
      15,
      19,
      16,
      8,
      16,
      7,
      7,
      17,
      10,
      12,
      13,
      6,
      6,
      9
    ]
  },
  "element_usage": {
    "easy": {
      "Thunder": 61,
      "Lightning": 47,
      "Moonshine": 93,
      "Ichor": 77,
      "Nectar": 85,
      "Sunbeam": 56,
      "Wind": 56,
      "Water": 88,
      "Twilight": 90,
      "Aster": 79,
      "Fire": 64,
      "Earth": 64,
      "Metal": 84,
      "Time": 72,
      "Blood": 71,
      "Venom": 51,
      "Space": 58,
      "Wood": 93,
      "Shadow": 52
    },
    "medium": {
      "Venom": 58,
      "Earth": 71,
      "Metal": 102,
      "Moonshine": 100,
      "Water": 79,
      "Lightning": 63,
      "Blood": 46,
      "Wind": 59,
      "Nectar": 113,
      "Time": 61,
      "Sunbeam": 60,
      "Wood": 59,
      "Aster": 54,
      "Fire": 44,
      "Thunder": 57,
      "Shadow": 52,
      "Space": 54,
      "Twilight": 86,
      "Ichor": 53
    },
    "hard": {
      "Moonshine": 86,
      "Ichor": 82,
      "Earth": 94,
      "Blood": 93,
      "Nectar": 72,
      "Sunbeam": 88,
      "Wind": 71,
      "Venom": 78,
      "Space": 88,
      "Water": 85,
      "Twilight": 75,
      "Wood": 91,
      "Aster": 99,
      "Fire": 88,
      "Shadow": 93,
      "Time": 77,
      "Metal": 69,
      "Thunder": 81,
      "Lightning": 81
    },
    "expert": {
      "Thunder": 56,
      "Lightning": 68,
      "Metal": 63,
      "Time": 51,
      "Wind": 51,
      "Sunbeam": 42,
      "Nectar": 47,
      "Venom": 64,
      "Aster": 40,
      "Twilight": 39,
      "Fire": 60,
      "Earth": 52,
      "Blood": 45,
      "Space": 49,
      "Wood": 39,
      "Water": 50,
      "Moonshine": 51,
      "Ichor": 34,
      "Shadow": 36
    }
  },
  "rankings": [
    [
      "expert",
      0.6666666666666666
    ],
    [
      "medium",
      0.5666666666666667
    ],
    [
      "hard",
      0.4666666666666667
    ],
    [
      "easy",
      0.43333333333333335
    ]
  ]
}