{
  "timestamp": "2025-09-08T13:29:16.166567",
  "games_per_matchup": 10,
  "total_time_seconds": 5.39028787612915,
  "win_rates": {
    "easy": {
      "easy": 1.0,
      "medium": 0.4,
      "hard": 0.3,
      "expert": 0.2
    },
    "medium": {
      "easy": 0.6,
      "medium": 1.0,
      "hard": 0.5,
      "expert": 0.3
    },
    "hard": {
      "easy": 0.7,
      "medium": 0.6,
      "hard": 1.0,
      "expert": 0.7
    },
    "expert": {
      "easy": 0.9,
      "medium": 0.6,
      "hard": 0.5,
      "expert": 1.0
    }
  },
  "game_lengths": {
    "easy_vs_easy": [
      15,
      12,
      12,
      26,
      12,
      17,
      12,
      13,
      6,
      13
    ],
    "easy_vs_medium": [
      11,
      13,
      21,
      11,
      14,
      9,
      15,
      10,
      9,
      10
    ],
    "medium_vs_easy": [
      23,
      15,
      14,
      17,
      17,
      14,
      13,
      13,
      11,
      23
    ],
    "easy_vs_hard": [
      5,
      8,
      14,
      9,
      12,
      11,
      6,
      13,
      10,
      7
    ],
    "hard_vs_easy": [
      15,
      13,
      13,
      11,
      9,
      15,
      9,
      13,
      7,
      9
    ],
    "easy_vs_expert": [
      10,
      13,
      13,
      8,
      7,
      10,
      9,
      10,
      14,
      10
    ],
    "expert_vs_easy": [
      10,
      10,
      21,
      7,
      19,
      8,
      10,
      14,
      10,
      13
    ],
    "medium_vs_medium": [
      21,
      23,
      11,
      11,
      17,
      29,
      15,
      12,
      21,
      12
    ],
    "medium_vs_hard": [
      10,
      13,
      13,
      14,
      15,
      9,
      12,
      8,
      6,
      17
    ],
    "hard_vs_medium": [
      12,
      11,
      18,
      9,
      15,
      30,
      23,
      8,
      11,
      5
    ],
    "medium_vs_expert": [
      11,
      11,
      10,
      15,
      15,
      14,
      16,
      16,
      21,
      4
    ],
    "expert_vs_medium": [
      13,
      11,
      12,
      16,
      17,
      23,
      15,
      7,
      18
    ],
    "hard_vs_hard": [
      9,
      7,
      7,
      8,
      5,
      7,
      7,
      10,
      18,
      11
    ],
    "hard_vs_expert": [
      8,
      4,
      11,
      6,
      9,
      11,
      9,
      10,
      14,
      7
    ],
    "expert_vs_hard": [
      7,
      11,
      6,
      11,
      13,
      11,
      9,
      9,
      10,
      7
    ],
    "expert_vs_expert": [
      14,
      9,
      8,
      12,
      8,
      9,
      7,
      11,
      10,
      10
    ]
  },
  "element_usage": {
    "easy": {
      "Earth": 17,
      "Time": 35,
      "Nectar": 41,
      "Wood": 45,
      "Moonshine": 40,
      "Twilight": 43,
      "Thunder": 18,
      "Sunbeam": 24,
      "Aster": 33,
      "Blood": 31,
      "Fire": 32,
      "Space": 36,
      "Wind": 25,
      "Shadow": 23,
      "Venom": 20,
      "Ichor": 46,
      "Metal": 42,
      "Lightning": 28,
      "Water": 47
    },
    "medium": {
      "Earth": 35,
      "Blood": 21,
      "Space": 20,
      "Time": 25,
      "Nectar": 45,
      "Wood": 25,
      "Ichor": 23,
      "Metal": 49,
      "Lightning": 29,
      "Water": 37,
      "Wind": 30,
      "Venom": 29,
      "Twilight": 34,
      "Shadow": 27,
      "Sunbeam": 35,
      "Aster": 26,
      "Moonshine": 54,
      "Fire": 34,
      "Thunder": 19
    },
    "hard": {
      "Blood": 47,
      "Fire": 46,
      "Aster": 51,
      "Venom": 44,
      "Wood": 33,
      "Shadow": 41,
      "Water": 39,
      "Thunder": 53,
      "Nectar": 37,
      "Earth": 43,
      "Space": 32,
      "Time": 43,
      "Lightning": 38,
      "Metal": 38,
      "Twilight": 33,
      "Sunbeam": 36,
      "Wind": 36,
      "Moonshine": 35,
      "Ichor": 32
    },
    "expert": {
      "Earth": 28,
      "Fire": 34,
      "Space": 32,
      "Wind": 30,
      "Time": 42,
      "Venom": 52,
      "Wood": 38,
      "Twilight": 34,
      "Thunder": 43,
      "Sunbeam": 26,
      "Aster": 36,
      "Blood": 28,
      "Nectar": 41,
      "Ichor": 32,
      "Shadow": 29,
      "Lightning": 39,
      "Moonshine": 39,
      "Metal": 38,
      "Water": 35
    }
  },
  "rankings": [
    [
      "hard",
      0.6666666666666666
    ],
    [
      "expert",
      0.6666666666666666
    ],
    [
      "medium",
      0.4666666666666667
    ],
    [
      "easy",
      0.3
    ]
  ]
}