{
  "timestamp": "2025-09-08T13:38:25.795522",
  "games_per_matchup": 50,
  "total_time_seconds": 67.01461291313171,
  "win_rates": {
    "easy": {
      "easy": 1.0,
      "medium": 0.34,
      "hard": 0.36,
      "expert": 0.3
    },
    "medium": {
      "easy": 0.6,
      "medium": 1.0,
      "hard": 0.52,
      "expert": 0.4
    },
    "hard": {
      "easy": 0.62,
      "medium": 0.64,
      "hard": 1.0,
      "expert": 0.5
    },
    "expert": {
      "easy": 0.64,
      "medium": 0.64,
      "hard": 0.66,
      "expert": 1.0
    }
  },
  "game_lengths": {
    "easy_vs_easy": [
      18,
      10,
      24,
      14,
      11,
      11,
      10,
      10,
      11,
      15,
      11,
      18,
      14,
      10,
      10,
      10,
      14,
      12,
      9,
      14,
      8,
      15,
      16,
      10,
      14,
      11,
      9,
      14,
      22,
      17,
      16,
      15,
      15,
      9,
      9,
      18,
      17,
      12,
      25,
      13,
      12,
      14,
      22,
      18,
      20,
      14,
      9,
      15,
      6,
      17
    ],
    "easy_vs_medium": [
      13,
      5,
      9,
      16,
      19,
      12,
      13,
      8,
      19,
      264,
      20,
      14,
      28,
      11,
      27,
      29,
      11,
      12,
      13,
      12,
      13,
      16,
      11,
      9,
      13,
      19,
      25,
      16,
      10,
      12,
      10,
      11,
      16,
      11,
      14,
      17,
      11,
      11,
      32,
      20,
      11,
      13,
      26,
      17,
      19,
      12,
      11,
      15,
      20,
      28
    ],
    "medium_vs_easy": [
      14,
      12,
      12,
      10,
      12,
      20,
      21,
      23,
      9,
      17,
      20,
      15,
      19,
      17,
      15,
      17,
      14,
      17,
      12,
      10,
      13,
      12,
      25,
      19,
      10,
      11,
      10,
      24,
      18,
      10,
      13,
      11,
      16,
      9,
      15,
      18,
      10,
      19,
      18,
      12,
      9,
      16,
      13,
      8,
      33,
      12,
      8,
      16,
      10,
      16
    ],
    "easy_vs_hard": [
      13,
      8,
      4,
      11,
      12,
      9,
      18,
      15,
      9,
      15,
      11,
      9,
      6,
      13,
      8,
      13,
      12,
      11,
      10,
      12,
      7,
      18,
      7,
      15,
      8,
      8,
      12,
      7,
      15,
      13,
      10,
      8,
      9,
      12,
      16,
      14,
      8,
      18,
      8,
      11,
      18,
      10,
      16,
      12,
      10,
      9,
      12,
      11,
      15,
      13
    ],
    "hard_vs_easy": [
      12,
      13,
      11,
      13,
      11,
      6,
      7,
      8,
      18,
      14,
      16,
      12,
      10,
      17,
      9,
      10,
      16,
      20,
      8,
      15,
      5,
      12,
      14,
      18,
      8,
      7,
      10,
      6,
      8,
      15,
      10,
      9,
      12,
      9,
      13,
      12,
      10,
      10,
      16,
      10,
      5,
      9,
      11,
      6,
      6,
      12,
      9,
      12,
      18,
      9
    ],
    "easy_vs_expert": [
      18,
      11,
      11,
      11,
      16,
      18,
      10,
      10,
      15,
      17,
      10,
      14,
      14,
      12,
      11,
      9,
      12,
      14,
      20,
      16,
      9,
      17,
      20,
      5,
      9,
      13,
      12,
      14,
      16,
      5,
      21,
      12,
      10,
      13,
      10,
      12,
      16,
      8,
      11,
      11,
      14,
      15,
      13,
      11,
      14,
      6,
      5,
      9,
      19,
      8
    ],
    "expert_vs_easy": [
      10,
      15,
      15,
      8,
      10,
      23,
      5,
      14,
      12,
      14,
      8,
      12,
      7,
      12,
      12,
      9,
      6,
      8,
      11,
      12,
      25,
      20,
      6,
      6,
      10,
      9,
      11,
      8,
      12,
      17,
      6,
      9,
      11,
      14,
      10,
      13,
      14,
      8,
      10,
      22,
      13,
      13,
      10,
      12,
      7,
      11,
      11,
      10,
      15,
      6
    ],
    "medium_vs_medium": [
      14,
      16,
      16,
      9,
      41,
      22,
      27,
      20,
      8,
      27,
      35,
      12,
      13,
      26,
      13,
      27,
      26,
      13,
      10,
      22,
      23,
      14,
      11,
      11,
      15,
      18,
      14,
      12,
      9,
      10,
      23,
      20,
      15,
      8,
      16,
      21,
      15,
      14,
      10,
      18,
      13,
      16,
      23,
      20,
      16,
      20,
      18,
      7,
      14,
      15
    ],
    "medium_vs_hard": [
      12,
      14,
      20,
      9,
      9,
      17,
      5,
      19,
      16,
      14,
      22,
      13,
      14,
      7,
      11,
      9,
      13,
      12,
      12,
      6,
      8,
      12,
      14,
      11,
      11,
      18,
      15,
      12,
      9,
      9,
      19,
      13,
      15,
      13,
      12,
      8,
      10,
      12,
      10,
      13,
      11,
      7,
      17,
      9,
      12,
      7,
      13,
      11,
      15,
      12
    ],
    "hard_vs_medium": [
      11,
      9,
      9,
      9,
      9,
      11,
      17,
      11,
      8,
      11,
      12,
      7,
      14,
      13,
      12,
      10,
      10,
      14,
      15,
      15,
      11,
      16,
      11,
      9,
      8,
      10,
      8,
      8,
      8,
      12,
      10,
      9,
      10,
      8,
      11,
      9,
      9,
      10,
      25,
      10,
      11,
      10,
      19,
      11,
      17,
      8,
      14,
      14,
      10,
      8
    ],
    "medium_vs_expert": [
      17,
      16,
      17,
      13,
      12,
      7,
      13,
      8,
      9,
      16,
      13,
      12,
      12,
      13,
      14,
      17,
      14,
      5,
      15,
      10,
      15,
      21,
      19,
      23,
      12,
      12,
      17,
      8,
      10,
      10,
      9,
      23,
      15,
      10,
      13,
      13,
      9,
      10,
      15,
      6,
      12,
      10,
      15,
      13,
      11,
      10,
      18,
      14,
      15,
      16
    ],
    "expert_vs_medium": [
      13,
      22,
      13,
      13,
      14,
      19,
      16,
      13,
      17,
      10,
      20,
      14,
      16,
      15,
      14,
      11,
      18,
      15,
      6,
      10,
      28,
      12,
      17,
      9,
      15,
      14,
      11,
      10,
      10,
      11,
      7,
      11,
      10,
      19,
      12,
      7,
      13,
      9,
      10,
      22,
      11,
      16,
      13,
      25,
      13,
      11,
      10,
      13,
      12,
      18
    ],
    "hard_vs_hard": [
      12,
      7,
      7,
      6,
      4,
      8,
      8,
      8,
      9,
      12,
      11,
      7,
      10,
      9,
      7,
      6,
      11,
      10,
      8,
      7,
      9,
      15,
      7,
      11,
      14,
      9,
      5,
      13,
      9,
      6,
      9,
      10,
      7,
      9,
      4,
      8,
      8,
      6,
      8,
      6,
      6,
      4,
      9,
      8,
      8,
      5,
      11,
      8,
      10,
      10
    ],
    "hard_vs_expert": [
      12,
      6,
      8,
      8,
      9,
      10,
      13,
      11,
      10,
      10,
      8,
      6,
      11,
      9,
      12,
      7,
      7,
      10,
      11,
      8,
      12,
      7,
      16,
      8,
      6,
      13,
      10,
      11,
      14,
      5,
      8,
      9,
      8,
      11,
      4,
      11,
      12,
      9,
      15,
      4,
      10,
      11,
      14,
      11,
      7,
      7,
      11,
      10,
      10,
      15
    ],