{
  "timestamp": "2025-09-08T13:54:57.108999",
  "games_per_matchup": 20,
  "total_time_seconds": 9.047016859054565,
  "win_rates": {
    "easy": {
      "medium": 0.55,
      "hard": 0.4,
      "expert": 0.25
    },
    "medium": {
      "easy": 0.55,
      "hard": 0.5,
      "expert": 0.25
    },
    "hard": {
      "easy": 0.7,
      "medium": 0.55,
      "expert": 0.45
    },
    "expert": {
      "easy": 0.8,
      "medium": 0.65,
      "hard": 0.65
    }
  },
  "game_lengths": {
    "easy_vs_medium": [
      19,
      20,
      8,
      15,
      16,
      23,
      18,
      23,
      12,
      29,
      15,
      30,
      13,
      15,
      13,
      19,
      13,
      13,
      17,
      16
    ],
    "medium_vs_easy": [
      18,
      17,
      15,
      11,
      15,
      10,
      23,
      11,
      13,
      14,
      14,
      12,
      13,
      25,
      13,
      15,
      14,
      31,
      26,
      10
    ],
    "easy_vs_hard": [
      9,
      14,
      8,
      11,
      18,
      12,
      13,
      9,
      11,
      13,
      15,
      16,
      10,
      6,
      9,
      11,
      10,
      9,
      17,
      12
    ],
    "hard_vs_easy": [
      13,
      10,
      12,
      18,
      13,
      10,
      10,
      6,
      11,
      11,
      12,
      12,
      10,
      8,
      10,
      11,
      6,
      12,
      17,
      10
    ],
    "easy_vs_expert": [
      15,
      15,
      9,
      8,
      16,
      5,
      8,
      11,
      7,
      13,
      14,
      11,
      14,
      12,
      12,
      13,
      8,
      10,
      9,
      11
    ],
    "expert_vs_easy": [
      13,
      5,
      12,
      14,
      12,
      30,
      10,
      9,
      6,
      9,
      7,
      9,
      13,
      10,
      12,
      12,
      8,
      12,
      9,
      8
    ],
    "medium_vs_hard": [
      10,
      8,
      8,
      11,
      12,
      15,
      7,
      8,
      12,
      15,
      11,
      6,
      12,
      9,
      8,
      15,
      7,
      9,
      11,
      12
    ],
    "hard_vs_medium": [
      16,
      18,
      16,
      13,
      14,
      9,
      22,
      9,
      12,
      6,
      16,
      15,
      11,
      12,
      14,
      34,
      8,
      7,
      17,
      16
    ],
    "medium_vs_expert": [
      13,
      11,
      11,
      8,
      13,
      9,
      15,
      13,
      11,
      13,
      17,
      14,
      13,
      14,
      12,
      16,
      11,
      6,
      12,
      24
    ],
    "expert_vs_medium": [
      18,
      14,
      16,
      18,
      17,
      18,
      9,
      5,
      10,
      24,
      15,
      11,
      7,
      13,
      13,
      12,
      19,
      13,
      21,
      15
    ],
    "hard_vs_expert": [
      16,
      6,
      7,
      11,
      10,
      9,
      8,
      9,
      10,
      8,
      10,
      9,
      7,
      6,
      9,
      14,
      14,
      13,
      10,
      9
    ],
    "expert_vs_hard": [
      16,
      10,
      13,
      18,
      24,
      7,
      12,
      11,
      10,
      18,
      10,
      5,
      8,
      9,
      6,
      11,
      8,
      6,
      8,
      8
    ]
  },
  "element_usage": {
    "easy": {
      "Ichor": 59,
      "Space": 48,
      "Water": 70,
      "Moonshine": 70,
      "Wood": 69,
      "Lightning": 38,
      "Aster": 45,
      "Thunder": 45,
      "Blood": 42,
      "Shadow": 30,
      "Time": 46,
      "Nectar": 59,
      "Sunbeam": 39,
      "Wind": 37,
      "Fire": 44,
      "Twilight": 66,
      "Metal": 52,
      "Venom": 36,
      "Earth": 38
    },
    "medium": {
      "Space": 27,
      "Wood": 39,
      "Shadow": 39,
      "Metal": 74,
      "Ichor": 28,
      "Water": 46,
      "Lightning": 29,
      "Twilight": 49,
      "Fire": 36,
      "Time": 30,
      "Venom": 40,
      "Earth": 58,
      "Wind": 42,
      "Moonshine": 74,
      "Blood": 29,
      "Nectar": 91,
      "Thunder": 38,
      "Sunbeam": 37,
      "Aster": 34
    },
    "hard": {
      "Water": 47,
      "Ichor": 40,
      "Moonshine": 45,
      "Lightning": 57,
      "Twilight": 59,
      "Thunder": 69,
      "Wood": 55,
      "Fire": 67,
      "Shadow": 60,
      "Time": 60,
      "Wind": 55,
      "Venom": 56,
      "Aster": 54,
      "Metal": 40,
      "Earth": 45,
      "Sunbeam": 57,
      "Blood": 70,
      "Nectar": 50,
      "Space": 54
    },
    "expert": {
      "Water": 52,
      "Sunbeam": 39,
      "Fire": 46,
      "Ichor": 53,
      "Space": 42,
      "Lightning": 61,
      "Moonshine": 58,
      "Twilight": 56,
      "Thunder": 66,
      "Blood": 43,
      "Shadow": 39,
      "Time": 60,
      "Wind": 58,
      "Nectar": 53,
      "Aster": 52,
      "Wood": 39,
      "Venom": 62,
      "Earth": 47,
      "Metal": 57
    }
  },
  "rankings": [
    [
      "expert",
      0.7
    ],
    [
      "hard",
      0.5666666666666667
    ],
    [
      "medium",
      0.43333333333333335
    ],
    [
      "easy",
      0.4
    ]
  ]
}