{
  "timestamp": "2025-09-04T13:24:32.131152",
  "games_per_matchup": 30,
  "total_time_seconds": 13.276833772659302,
  "win_rates": {
    "easy": {
      "easy": 1.0,
      "medium": 0.3333333333333333,
      "hard": 0.36666666666666664,
      "expert": 0.26666666666666666
    },
    "medium": {
      "easy": 0.4666666666666667,
      "medium": 1.0,
      "hard": 0.26666666666666666,
      "expert": 0.5
    },
    "hard": {
      "easy": 0.7,
      "medium": 0.3333333333333333,
      "hard": 1.0,
      "expert": 0.3
    },
    "expert": {
      "easy": 0.6,
      "medium": 0.4,
      "hard": 0.5333333333333333,
      "expert": 1.0
    }
  },
  "game_lengths": {
    "easy_vs_easy": [
      20,
      12,
      26,
      14,
      18,
      18,
      13,
      10,
      17,
      18,
      14,
      26,
      15,
      27,
      17,
      15,
      18,
      10,
      24,
      21,
      12,
      14,
      15,
      14,
      12,
      24,
      14,
      9,
      16,
      16
    ],
    "easy_vs_medium": [
      14,
      15,
      21,
      14,
      14,
      16,
      30,
      35,
      16,
      12,
      27,
      17,
      14,
      10,
      22,
      11,
      17,
      16,
      20,
      24,
      14,
      20,
      15,
      13,
      17,
      15,
      12,
      17,
      18,
      11
    ],
    "medium_vs_easy": [
      13,
      34,
      41,
      11,
      14,
      20,
      16,
      22,
      13,
      45,
      12,
      12,
      11,
      15,
      26,
      13,
      19,
      17,
      10,
      14,
      16,
      23,
      15,
      8,
      17,
      17,
      10,
      15,
      13,
      22
    ],
    "easy_vs_hard": [
      4,
      14,
      18,
      13,
      9,
      12,
      7,
      8,
      12,
      8,
      12,
      4,
      16,
      11,
      11,
      17,
      5,
      12,
      12,
      7,
      14,
      13,
      9,
      10,
      17,
      11,
      11,
      11,
      12,
      12
    ],
    "hard_vs_easy": [
      9,
      11,
      8,
      13,
      7,
      24,
      7,
      11,
      16,
      16,
      11,
      5,
      10,
      9,
      9,
      13,
      15,
      12,
      8,
      8,
      19,
      15,
      7,
      9,
      11,
      6,
      10,
      9,
      12,
      16
    ],
    "easy_vs_expert": [
      16,
      11,
      18,
      17,
      16,
      8,
      21,
      17,
      9,
      10,
      5,
      16,
      14,
      12,
      14,
      9,
      12,
      14,
      11,
      14,
      19,
      8,
      11,
      15,
      14,
      13,
      10,
      12,
      17,
      10
    ],
    "expert_vs_easy": [
      12,
      11,
      7,
      9,
      9,
      7,
      8,
      10,
      6,
      6,
      22,
      11,
      14,
      5,
      13,
      10,
      16,
      12,
      11,
      10,
      12,
      7,
      17,
      16,
      22,
      12,
      6,
      21,
      23,
      14
    ],
    "medium_vs_medium": [
      14,
      14,
      61,
      16,
      16,
      20,
      14,
      15,
      24,
      16,
      15,
      14,
      24,
      11,
      11,
      25,
      12,
      10,
      18,
      11,
      27,
      12,
      10,
      12,
      11,
      20,
      14,
      16,
      16,
      18
    ],
    "medium_vs_hard": [
      16,
      7,
      9,
      18,
      6,
      11,
      13,
      12,
      10,
      12,
      9,
      14,
      14,
      15,
      13,
      14,
      15,
      10,
      15,
      8,
      14,
      10,
      7,
      13,
      9,
      15,
      9,
      15,
      12,
      10
    ],
    "hard_vs_medium": [
      8,
      10,
      11,
      18,
      8,
      14,
      6,
      14,
      7,
      10,
      11,
      10,
      7,
      6,
      12,
      12,
      9,
      14,
      9,
      14,
      14,
      14,
      11,
      14,
      13,
      7,
      11,
      8,
      9,
      8
    ],
    "medium_vs_expert": [
      9,
      14,
      14,
      22,
      11,
      14,
      8,
      8,
      7,
      12,
      18,
      8,
      21,
      13,
      13,
      17,
      16,
      14,
      77,
      7,
      13,
      25,
      16,
      17,
      10,
      6,
      13,
      15,
      9,
      21
    ],
    "expert_vs_medium": [
      23,
      9,
      13,
      9,
      17,
      13,
      11,
      16,
      22,
      17,
      3,
      16,
      14,
      21,
      8,
      16,
      13,
      12,
      27,
      20,
      7,
      10,
      20,
      10,
      17,
      5,
      28,
      8,
      12,
      6
    ],
    "hard_vs_hard": [
      7,
      7,
      9,
      8,
      7,
      9,
      6,
      9,
      10,
      13,
      8,
      10,
      13,
      12,
      9,
      11,
      5,
      4,
      6,
      5,
      10,
      8,
      5,
      11,
      7,
      5,
      8,
      7,
      8,
      8
    ],
    "hard_vs_expert": [
      8,
      9,
      10,
      6,
      14,
      15,
      11,
      9,
      13,
      8,
      6,
      8,
      12,
      9,
      13,
      8,
      8,
      7,
      11,
      7,
      8,
      13,
      12,
      11,
      13,
      8,
      4,
      8,
      8,
      10
    ],
    "expert_vs_hard": [
      15,
      12,
      12,
      7,
      7,
      6,
      11,
      11,
      10,
      10,
      15,
      8,
      10,
      8,
      16,
      10,
      8,
      8,
      10,
      15,
      13,
      9,
      16,
      5,
      9,
      8,
      11,
      10,
      14,
      15
    ],
    "expert_vs_expert": [
      9,
      8,
      6,
      16,
      16,
      13,
      6,
      9,
      5,
      7,
      13,
      7,
      5,
      14,
      11,
      7,
      7,
      5,
      8,
      7,
      7,
      8,
      9,
      7,
      11,
      16,
      6,
      5,
      6,
      13
    ]
  },
  "element_usage": {
    "easy": {
      "Thunder": 83,
      "Blood": 93,
      "Wind": 88,
      "Time": 81,
      "Space": 91,
      "Fire": 106,
      "Wood": 124,
      "Metal": 123,
      "Nectar": 135,
      "Lightning": 89,
      "Ichor": 115,
      "Shadow": 84,
      "Moonshine": 128,
      "Water": 134,
      "Venom": 86,
      "Sunbeam": 84,
      "Earth": 87,
      "Aster": 104,
      "Twilight": 127
    },
    "medium": {
      "Wood": 97,
      "Twilight": 104,
      "Venom": 83,
      "Shadow": 73,
      "Moonshine": 149,
      "Blood": 79,
      "Earth": 111,
      "Time": 87,
      "Space": 68,
      "Sunbeam": 79,
      "Nectar": 162,
      "Water": 121,
      "Lightning": 104,
      "Thunder": 86,
      "Fire": 86,
      "Metal": 152,
      "Wind": 102,
      "Aster": 90,
      "Ichor": 67
    },
    "hard": {
      "Shadow": 143,
      "Moonshine": 118,
      "Blood": 145,
      "Fire": 133,
      "Wind": 100,
      "Ichor": 113,
      "Earth": 134,
      "Water": 123,
      "Wood": 129,
      "Nectar": 100,
      "Lightning": 120,
      "Thunder": 129,
      "Time": 111,
      "Aster": 125,
      "Space": 111,
      "Sunbeam": 126,
      "Metal": 116,
      "Venom": 106,
      "Twilight": 107
    },
    "expert": {
      "Ichor": 50,
      "Earth": 71,
      "Fire": 77,
      "Space": 69,
      "Metal": 65,
      "Nectar": 70,
      "Time": 72,
      "Sunbeam": 51,
      "Twilight": 77,
      "Thunder": 91,
      "Shadow": 52,
      "Moonshine": 75,
      "Lightning": 81,
      "Water": 76,
      "Wind": 66,
      "Venom": 93,
      "Blood": 77,
      "Wood": 61,
      "Aster": 67
    }
  },
  "rankings": [
    [
      "expert",
      0.5111111111111111
    ],
    [
      "hard",
      0.4444444444444444
    ],
    [
      "medium",
      0.4111111111111111
    ],
    [
      "easy",
      0.32222222222222224
    ]
  ]
}