{
  "timestamp": "2025-09-08T13:35:27.102314",
  "games_per_matchup": 10,
  "total_time_seconds": 5.434899091720581,
  "win_rates": {
    "easy": {
      "easy": 1.0,
      "medium": 0.5,
      "hard": 0.7,
      "expert": 0.5
    },
    "medium": {
      "easy": 0.5,
      "medium": 1.0,
      "hard": 0.9,
      "expert": 0.5
    },
    "hard": {
      "easy": 0.6,
      "medium": 0.7,
      "hard": 1.0,
      "expert": 0.6
    },
    "expert": {
      "easy": 0.6,
      "medium": 0.4,
      "hard": 0.6,
      "expert": 1.0
    }
  },
  "game_lengths": {
    "easy_vs_easy": [
      12,
      11,
      22,
      13,
      13,
      21,
      8,
      12,
      9,
      13
    ],
    "easy_vs_medium": [
      18,
      23,
      11,
      15,
      13,
      20,
      16,
      19,
      23,
      23
    ],
    "medium_vs_easy": [
      9,
      11,
      17,
      34,
      11,
      23,
      25,
      18,
      12,
      25
    ],
    "easy_vs_hard": [
      13,
      13,
      7,
      10,
      5,
      6,
      11,
      7,
      8,
      7
    ],
    "hard_vs_easy": [
      11,
      17,
      14,
      14,
      6,
      12,
      6,
      10,
      10,
      7
    ],
    "easy_vs_expert": [
      6,
      16,
      6,
      10,
      17,
      7,
      10,
      12,
      7,
      6
    ],
    "expert_vs_easy": [
      12,
      12,
      17,
      12,
      13,
      8,
      12,
      14,
      18,
      13
    ],
    "medium_vs_medium": [
      15,
      60,
      18,
      15,
      14,
      14,
      16,
      13,
      13,
      10
    ],
    "medium_vs_hard": [
      11,
      13,
      9,
      18,
      12,
      9,
      15,
      8,
      11,
      7
    ],
    "hard_vs_medium": [
      6,
      8,
      14,
      11,
      15,
      10,
      13,
      10,
      6,
      13
    ],
    "medium_vs_expert": [
      8,
      10,
      12,
      19,
      16,
      12,
      13,
      15,
      22,
      13
    ],
    "expert_vs_medium": [
      7,
      12,
      9,
      15,
      12,
      13,
      10,
      12,
      11,
      16
    ],
    "hard_vs_hard": [
      8,
      5,
      6,
      7,
      11,
      7,
      8,
      9,
      10,
      5
    ],
    "hard_vs_expert": [
      13,
      8,
      12,
      9,
      14,
      9,
      9,
      9,
      6,
      12
    ],
    "expert_vs_hard": [
      6,
      7,
      12,
      9,
      18,
      8,
      11,
      7,
      8,
      16
    ],
    "expert_vs_expert": [
      14,
      12,
      10,
      11,
      12,
      10,
      11,
      11,
      11,
      14
    ]
  },
  "element_usage": {
    "easy": {
      "Aster": 21,
      "Space": 29,
      "Sunbeam": 23,
      "Water": 43,
      "Twilight": 40,
      "Thunder": 19,
      "Blood": 33,
      "Metal": 32,
      "Wind": 26,
      "Earth": 19,
      "Lightning": 24,
      "Venom": 30,
      "Nectar": 36,
      "Moonshine": 34,
      "Wood": 43,
      "Time": 33,
      "Ichor": 34,
      "Fire": 28,
      "Shadow": 24
    },
    "medium": {
      "Time": 24,
      "Nectar": 50,
      "Metal": 48,
      "Venom": 24,
      "Aster": 35,
      "Water": 36,
      "Sunbeam": 30,
      "Wind": 28,
      "Shadow": 16,
      "Earth": 35,
      "Fire": 29,
      "Blood": 23,
      "Moonshine": 46,
      "Thunder": 21,
      "Wood": 31,
      "Lightning": 20,
      "Space": 20,
      "Twilight": 32,
      "Ichor": 22
    },
    "hard": {
      "Nectar": 32,
      "Sunbeam": 40,
      "Wood": 27,
      "Time": 41,
      "Earth": 39,
      "Aster": 37,
      "Space": 34,
      "Water": 27,
      "Venom": 49,
      "Twilight": 33,
      "Thunder": 41,
      "Blood": 47,
      "Lightning": 35,
      "Ichor": 26,
      "Fire": 33,
      "Moonshine": 37,
      "Metal": 33,
      "Wind": 30,
      "Shadow": 35
    },
    "expert": {
      "Space": 28,
      "Venom": 40,
      "Aster": 32,
      "Nectar": 40,
      "Ichor": 32,
      "Water": 35,
      "Twilight": 32,
      "Wood": 30,
      "Lightning": 33,
      "Metal": 37,
      "Shadow": 31,
      "Time": 37,
      "Sunbeam": 27,
      "Moonshine": 38,
      "Thunder": 40,
      "Blood": 26,
      "Wind": 36,
      "Earth": 26,
      "Fire": 39
    }
  },
  "rankings": [
    [
      "medium",
      0.6333333333333333
    ],
    [
      "hard",
      0.6333333333333333
    ],
    [
      "easy",
      0.5666666666666667
    ],
    [
      "expert",
      0.5333333333333333
    ]
  ]
}