{
  "timestamp": "2025-09-04T13:25:18.308629",
  "games_per_matchup": 30,
  "total_time_seconds": 13.528774976730347,
  "win_rates": {
    "easy": {
      "easy": 1.0,
      "medium": 0.36666666666666664,
      "hard": 0.36666666666666664,
      "expert": 0.26666666666666666
    },
    "medium": {
      "easy": 0.6666666666666666,
      "medium": 1.0,
      "hard": 0.5333333333333333,
      "expert": 0.4
    },
    "hard": {
      "easy": 0.8333333333333334,
      "medium": 0.43333333333333335,
      "hard": 1.0,
      "expert": 0.4666666666666667
    },
    "expert": {
      "easy": 0.8666666666666667,
      "medium": 0.6666666666666666,
      "hard": 0.5,
      "expert": 1.0
    }
  },
  "game_lengths": {
    "easy_vs_easy": [
      14,
      39,
      11,
      15,
      14,
      10,
      14,
      10,
      10,
      11,
      7,
      11,
      17,
      17,
      20,
      16,
      16,
      19,
      26,
      9,
      9,
      20,
      11,
      24,
      16,
      14,
      19,
      15,
      156,
      19
    ],
    "easy_vs_medium": [
      15,
      17,
      11,
      11,
      7,
      31,
      15,
      17,
      16,
      12,
      52,
      11,
      12,
      24,
      8,
      13,
      21,
      7,
      28,
      12,
      21,
      27,
      14,
      18,
      13,
      25,
      33,
      22,
      16,
      13
    ],
    "medium_vs_easy": [
      53,
      12,
      22,
      18,
      19,
      21,
      25,
      50,
      19,
      10,
      7,
      12,
      11,
      16,
      24,
      16,
      17,
      12,
      16,
      23,
      14,
      17,
      34,
      18,
      24,
      21,
      19,
      20,
      18,
      19
    ],
    "easy_vs_hard": [
      16,
      14,
      11,
      13,
      12,
      10,
      10,
      10,
      9,
      13,
      14,
      10,
      11,
      7,
      16,
      13,
      12,
      8,
      7,
      8,
      12,
      6,
      9,
      7,
      14,
      8,
      10,
      9,
      10,
      7
    ],
    "hard_vs_easy": [
      16,
      13,
      10,
      4,
      6,
      13,
      14,
      7,
      9,
      8,
      7,
      10,
      8,
      12,
      14,
      10,
      14,
      18,
      7,
      10,
      13,
      6,
      6,
      8,
      13,
      13,
      12,
      13,
      9,
      13
    ],
    "easy_vs_expert": [
      8,
      14,
      9,
      13,
      7,
      8,
      9,
      8,
      4,
      11,
      11,
      12,
      9,
      9,
      12,
      9,
      14,
      6,
      21,
      12,
      14,
      11,
      15,
      8,
      10,
      14,
      5,
      14,
      10,
      15
    ],
    "expert_vs_easy": [
      17,
      7,
      17,
      6,
      9,
      11,
      9,
      19,
      12,
      10,
      11,
      9,
      14,
      15,
      6,
      98,
      11,
      7,
      12,
      15,
      15,
      14,
      6,
      30,
      15,
      19,
      12,
      24,
      13,
      17
    ],
    "medium_vs_medium": [
      11,
      36,
      15,
      10,
      9,
      16,
      11,
      16,
      22,
      13,
      14,
      24,
      25,
      15,
      14,
      24,
      25,
      31,
      19,
      14,
      22,
      19,
      19,
      15,
      20,
      13,
      8,
      14,
      14,
      19
    ],
    "medium_vs_hard": [
      12,
      10,
      11,
      12,
      21,
      13,
      12,
      11,
      16,
      11,
      14,
      9,
      5,
      8,
      11,
      12,
      16,
      11,
      14,
      14,
      10,
      20,
      15,
      20,
      9,
      18,
      17,
      12,
      17,
      11
    ],
    "hard_vs_medium": [
      15,
      12,
      7,
      10,
      9,
      12,
      12,
      6,
      12,
      9,
      10,
      13,
      11,
      14,
      20,
      13,
      12,
      6,
      13,
      11,
      21,
      7,
      12,
      9,
      17,
      9,
      8,
      11,
      9,
      12
    ],
    "medium_vs_expert": [
      19,
      14,
      21,
      14,
      9,
      11,
      13,
      13,
      9,
      12,
      13,
      17,
      8,
      12,
      11,
      19,
      11,
      10,
      8,
      13,
      10,
      8,
      10,
      15,
      11,
      9,
      6,
      8,
      11,
      8
    ],
    "expert_vs_medium": [
      13,
      11,
      14,
      14,
      17,
      20,
      10,
      7,
      17,
      14,
      16,
      8,
      10,
      5,
      15,
      7,
      7,
      14,
      13,
      10,
      12,
      18,
      13,
      12,
      14,
      38,
      13,
      22,
      13,
      16
    ],
    "hard_vs_hard": [
      12,
      13,
      8,
      7,
      6,
      8,
      10,
      9,
      6,
      4,
      4,
      10,
      7,
      11,
      12,
      4,
      6,
      8,
      10,
      14,
      5,
      5,
      9,
      12,
      9,
      5,
      8,
      9,
      5,
      10
    ],
    "hard_vs_expert": [
      9,
      5,
      8,
      6,
      32,
      10,
      12,
      22,
      11,
      11,
      11,
      31,
      9,
      5,
      9,
      12,
      8,
      12,
      7,
      14,
      7,
      11,
      10,
      9,
      7,
      11,
      13,
      7,
      14,
      13
    ],
    "expert_vs_hard": [
      4,
      9,
      9,
      11,
      10,
      22,
      11,
      8,
      9,
      13,
      16,
      10,
      8,
      11,
      9,
      9,
      6,
      7,
      10,
      7,
      11,
      6,
      5,
      7,
      8,
      11,
      9,
      11,
      14,
      13
    ],
    "expert_vs_expert": [
      8,
      14,
      12,
      16,
      10,
      13,
      6,
      6,
      7,
      9,
      7,
      16,
      14,
      7,
      20,
      9,
      9,
      10,
      3,
      3,
      11,
      7,
      7,
      6,
      7,
      12,
      4,
      7,
      6,
      8
    ]
  },
  "element_usage": {
    "easy": {
      "Wood": 140,
      "Space": 83,
      "Fire": 99,
      "Nectar": 118,
      "Metal": 118,
      "Sunbeam": 73,
      "Venom": 89,
      "Wind": 85,
      "Ichor": 122,
      "Earth": 92,
      "Moonshine": 124,
      "Time": 81,
      "Shadow": 64,
      "Lightning": 80,
      "Water": 135,
      "Thunder": 89,
      "Twilight": 127,
      "Blood": 106,
      "Aster": 81
    },
    "medium": {
      "Wood": 75,
      "Space": 72,
      "Earth": 107,
      "Nectar": 165,
      "Metal": 152,
      "Venom": 103,
      "Ichor": 83,
      "Water": 124,
      "Moonshine": 167,
      "Time": 81,
      "Shadow": 81,
      "Blood": 75,
      "Lightning": 105,
      "Fire": 93,
      "Sunbeam": 93,
      "Wind": 90,
      "Thunder": 88,
      "Twilight": 122,
      "Aster": 79
    },
    "hard": {
      "Wood": 112,
      "Sunbeam": 130,
      "Ichor": 118,
      "Earth": 132,
      "Moonshine": 113,
      "Shadow": 129,
      "Blood": 147,
      "Aster": 121,
      "Lightning": 129,
      "Nectar": 111,
      "Metal": 105,
      "Venom": 105,
      "Time": 113,
      "Fire": 135,
      "Thunder": 119,
      "Twilight": 91,
      "Space": 123,
      "Water": 133,
      "Wind": 99
    },
    "expert": {
      "Wood": 60,
      "Aster": 65,
      "Nectar": 64,
      "Venom": 95,
      "Shadow": 48,
      "Blood": 65,
      "Space": 69,
      "Time": 78,
      "Fire": 78,
      "Wind": 72,
      "Water": 68,
      "Thunder": 68,
      "Lightning": 87,
      "Earth": 75,
      "Moonshine": 82,
      "Metal": 74,
      "Sunbeam": 65,
      "Ichor": 48,
      "Twilight": 55
    }
  },
  "rankings": [
    [
      "expert",
      0.6777777777777778
    ],
    [
      "hard",
      0.5777777777777777
    ],
    [
      "medium",
      0.5333333333333333
    ],
    [
      "easy",
      0.3333333333333333
    ]
  ]
}