{
  "timestamp": "2025-09-08T14:04:21.170819",
  "games_per_matchup": 30,
  "total_time_seconds": 16.066534996032715,
  "win_rates": {
    "easy": {
      "medium": 0.3333333333333333,
      "hard": 0.3333333333333333,
      "expert": 0.43333333333333335
    },
    "medium": {
      "easy": 0.7,
      "hard": 0.5666666666666667,
      "expert": 0.6333333333333333
    },
    "hard": {
      "easy": 0.6,
      "medium": 0.5666666666666667,
      "expert": 0.36666666666666664
    },
    "expert": {
      "easy": 0.7333333333333333,
      "medium": 0.5666666666666667,
      "hard": 0.7
    }
  },
  "game_lengths": {
    "easy_vs_medium": [
      19,
      12,
      21,
      14,
      21,
      11,
      20,
      10,
      18,
      16,
      22,
      14,
      15,
      14,
      16,
      14,
      47,
      23,
      8,
      25,
      12,
      16,
      16,
      10,
      20,
      27,
      10,
      17,
      14,
      13
    ],
    "medium_vs_easy": [
      9,
      23,
      13,
      16,
      11,
      18,
      17,
      183,
      16,
      11,
      19,
      22,
      15,
      14,
      13,
      15,
      15,
      18,
      10,
      25,
      15,
      17,
      15,
      13,
      18,
      6,
      15,
      20,
      16,
      12
    ],
    "easy_vs_hard": [
      10,
      20,
      10,
      12,
      11,
      11,
      11,
      10,
      7,
      11,
      7,
      10,
      7,
      12,
      6,
      16,
      10,
      8,
      12,
      11,
      11,
      8,
      11,
      9,
      14,
      8,
      10,
      12,
      12,
      5
    ],
    "hard_vs_easy": [
      12,
      17,
      12,
      11,
      17,
      12,
      11,
      11,
      9,
      8,
      7,
      11,
      8,
      12,
      13,
      11,
      10,
      14,
      9,
      13,
      15,
      9,
      16,
      8,
      17,
      8,
      7,
      11,
      13,
      13
    ],
    "easy_vs_expert": [
      10,
      16,
      17,
      10,
      13,
      10,
      12,
      7,
      5,
      12,
      15,
      15,
      15,
      13,
      11,
      22,
      15,
      8,
      15,
      9,
      12,
      17,
      12,
      11,
      11,
      12,
      7,
      8,
      11,
      11
    ],
    "expert_vs_easy": [
      21,
      8,
      9,
      15,
      6,
      10,
      9,
      12,
      36,
      13,
      9,
      12,
      17,
      11,
      17,
      9,
      12,
      13,
      17,
      17,
      8,
      9,
      16,
      12,
      7,
      21,
      20,
      9,
      6,
      13
    ],
    "medium_vs_hard": [
      16,
      10,
      14,
      12,
      8,
      6,
      11,
      6,
      9,
      19,
      12,
      9,
      11,
      13,
      17,
      15,
      10,
      12,
      13,
      5,
      12,
      12,
      12,
      7,
      13,
      3,
      11,
      19,
      15,
      12
    ],
    "hard_vs_medium": [
      9,
      9,
      57,
      9,
      17,
      12,
      8,
      12,
      14,
      12,
      9,
      13,
      13,
      7,
      11,
      8,
      9,
      11,
      14,
      12,
      6,
      3,
      13,
      14,
      8,
      14,
      15,
      11,
      6,
      13
    ],
    "medium_vs_expert": [
      11,
      16,
      11,
      12,
      11,
      20,
      10,
      10,
      15,
      13,
      17,
      17,
      8,
      15,
      22,
      12,
      15,
      19,
      19,
      18,
      39,
      12,
      25,
      24,
      14,
      8,
      14,
      13,
      17,
      17
    ],
    "expert_vs_medium": [
      11,
      13,
      19,
      24,
      14,
      13,
      17,
      32,
      14,
      13,
      9,
      14,
      18,
      16,
      13,
      16,
      21,
      16,
      13,
      15,
      28,
      21,
      21,
      18,
      11,
      11,
      17,
      13,
      18,
      13
    ],
    "hard_vs_expert": [
      9,
      14,
      14,
      9,
      6,
      10,
      11,
      11,
      11,
      7,
      8,
      8,
      10,
      5,
      10,
      9,
      18,
      10,
      6,
      14,
      12,
      8,
      10,
      6,
      12,
      11,
      7,
      12,
      8,
      5
    ],
    "expert_vs_hard": [
      8,
      9,
      8,
      11,
      9,
      5,
      13,
      11,
      12,
      3,
      9,
      11,
      9,
      10,
      10,
      12,
      4,
      10,
      12,
      10,
      14,
      3,
      10,
      15,
      16,
      8,
      15,
      24,
      12,
      8
    ]
  },
  "element_usage": {
    "easy": {
      "Water": 104,
      "Ichor": 89,
      "Wood": 95,
      "Venom": 52,
      "Earth": 49,
      "Blood": 65,
      "Nectar": 87,
      "Time": 56,
      "Moonshine": 96,
      "Twilight": 97,
      "Wind": 57,
      "Aster": 66,
      "Sunbeam": 55,
      "Space": 55,
      "Metal": 92,
      "Lightning": 57,
      "Shadow": 43,
      "Fire": 49,
      "Thunder": 47
    },
    "medium": {
      "Metal": 112,
      "Wood": 69,
      "Wind": 67,
      "Time": 58,
      "Blood": 69,
      "Sunbeam": 61,
      "Twilight": 73,
      "Aster": 54,
      "Earth": 82,
      "Nectar": 126,
      "Fire": 49,
      "Moonshine": 109,
      "Ichor": 50,
      "Venom": 55,
      "Thunder": 54,
      "Shadow": 51,
      "Lightning": 62,
      "Space": 45,
      "Water": 92
    },
    "hard": {
      "Water": 84,
      "Fire": 93,
      "Moonshine": 70,
      "Wood": 77,
      "Sunbeam": 96,
      "Aster": 91,
      "Shadow": 91,
      "Space": 82,
      "Lightning": 103,
      "Venom": 105,
      "Thunder": 101,
      "Wind": 89,
      "Time": 88,
      "Blood": 109,
      "Nectar": 70,
      "Twilight": 77,
      "Earth": 104,
      "Ichor": 74,
      "Metal": 72
    },
    "expert": {
      "Thunder": 91,
      "Earth": 66,
      "Moonshine": 98,
      "Wood": 77,
      "Venom": 104,
      "Sunbeam": 53,
      "Time": 91,
      "Shadow": 76,
      "Space": 79,
      "Nectar": 102,
      "Wind": 84,
      "Lightning": 99,
      "Metal": 94,
      "Fire": 90,
      "Twilight": 80,
      "Aster": 83,
      "Water": 91,
      "Ichor": 76,
      "Blood": 49
    }
  },
  "rankings": [
    [
      "expert",
      0.6666666666666666
    ],
    [
      "medium",
      0.6333333333333333
    ],
    [
      "hard",
      0.5111111111111111
    ],
    [
      "easy",
      0.36666666666666664
    ]
  ]
}