{
  "timestamp": "2025-09-08T14:36:58.967676",
  "games_per_matchup": 20,
  "total_time_seconds": 8.556554079055786,
  "win_rates": {
    "easy": {
      "medium": 0.55,
      "hard": 0.45,
      "expert": 0.25
    },
    "medium": {
      "easy": 0.6,
      "hard": 0.45,
      "expert": 0.5
    },
    "hard": {
      "easy": 0.75,
      "medium": 0.45,
      "expert": 0.55
    },
    "expert": {
      "easy": 0.75,
      "medium": 0.6,
      "hard": 0.7
    }
  },
  "game_lengths": {
    "easy_vs_medium": [
      13,
      17,
      12,
      12,
      6,
      18,
      23,
      21,
      12,
      15,
      21,
      30,
      18,
      17,
      10,
      13,
      17,
      16,
      13,
      15
    ],
    "medium_vs_easy": [
      22,
      31,
      13,
      19,
      11,
      17,
      11,
      15,
      16,
      9,
      11,
      12,
      17,
      18,
      14,
      12,
      25,
      20,
      26,
      17
    ],
    "easy_vs_hard": [
      7,
      5,
      12,
      9,
      12,
      14,
      5,
      12,
      9,
      12,
      14,
      12,
      14,
      15,
      13,
      7,
      14,
      13,
      13,
      11
    ],
    "hard_vs_easy": [
      15,
      9,
      10,
      7,
      7,
      8,
      13,
      6,
      10,
      13,
      14,
      8,
      14,
      7,
      5,
      7,
      7,
      14,
      14,
      9
    ],
    "easy_vs_expert": [
      13,
      10,
      14,
      12,
      11,
      14,
      8,
      25,
      10,
      13,
      9,
      11,
      16,
      19,
      26,
      15,
      13,
      11,
      8,
      17
    ],
    "expert_vs_easy": [
      17,
      12,
      17,
      16,
      5,
      7,
      11,
      17,
      15,
      10,
      10,
      13,
      10,
      9,
      13,
      9,
      5,
      7,
      13,
      10
    ],
    "medium_vs_hard": [
      12,
      9,
      11,
      9,
      15,
      8,
      11,
      6,
      7,
      13,
      8,
      6,
      9,
      13,
      8,
      28,
      8,
      9,
      10,
      29
    ],
    "hard_vs_medium": [
      15,
      12,
      10,
      11,
      14,
      21,
      7,
      13,
      14,
      18,
      8,
      14,
      8,
      12,
      7,
      15,
      13,
      12,
      14,
      12
    ],
    "medium_vs_expert": [
      16,
      14,
      11,
      17,
      11,
      24,
      11,
      12,
      12,
      16,
      10,
      8,
      15,
      9,
      13,
      15,
      13,
      18,
      19,
      9
    ],
    "expert_vs_medium": [
      13,
      11,
      17,
      23,
      12,
      10,
      14,
      12,
      14,
      13,
      14,
      11,
      15,
      13,
      10,
      16,
      14,
      17,
      15,
      17
    ],
    "hard_vs_expert": [
      6,
      4,
      17,
      8,
      11,
      11,
      12,
      11,
      11,
      8,
      10,
      13,
      9,
      8,
      9,
      10,
      9,
      10,
      10,
      12
    ],
    "expert_vs_hard": [
      9,
      15,
      16,
      12,
      9,
      8,
      6,
      12,
      10,
      11,
      10,
      9,
      4,
      5,
      8,
      9,
      8,
      14,
      9,
      11
    ]
  },
  "element_usage": {
    "easy": {
      "Thunder": 40,
      "Ichor": 62,
      "Moonshine": 63,
      "Lightning": 41,
      "Fire": 43,
      "Time": 36,
      "Shadow": 39,
      "Nectar": 47,
      "Wood": 66,
      "Space": 36,
      "Earth": 36,
      "Sunbeam": 35,
      "Blood": 40,
      "Aster": 40,
      "Twilight": 60,
      "Water": 60,
      "Wind": 39,
      "Venom": 33,
      "Metal": 48
    },
    "medium": {
      "Venom": 46,
      "Lightning": 43,
      "Sunbeam": 40,
      "Nectar": 84,
      "Blood": 35,
      "Earth": 56,
      "Aster": 41,
      "Wood": 43,
      "Water": 57,
      "Metal": 88,
      "Moonshine": 77,
      "Thunder": 38,
      "Fire": 36,
      "Wind": 40,
      "Time": 32,
      "Shadow": 42,
      "Twilight": 53,
      "Space": 35,
      "Ichor": 36
    },
    "hard": {
      "Lightning": 53,
      "Venom": 81,
      "Fire": 71,
      "Time": 70,
      "Sunbeam": 69,
      "Nectar": 50,
      "Blood": 76,
      "Twilight": 54,
      "Metal": 55,
      "Ichor": 44,
      "Thunder": 65,
      "Aster": 57,
      "Space": 62,
      "Earth": 60,
      "Shadow": 61,
      "Water": 62,
      "Moonshine": 39,
      "Wind": 49,
      "Wood": 44
    },
    "expert": {
      "Moonshine": 54,
      "Ichor": 55,
      "Fire": 51,
      "Nectar": 53,
      "Wood": 44,
      "Thunder": 64,
      "Venom": 64,
      "Lightning": 59,
      "Time": 56,
      "Blood": 38,
      "Aster": 57,
      "Water": 57,
      "Wind": 56,
      "Earth": 44,
      "Space": 47,
      "Metal": 53,
      "Shadow": 44,
      "Sunbeam": 42,
      "Twilight": 40
    }
  },
  "rankings": [
    [
      "expert",
      0.6833333333333333
    ],
    [
      "hard",
      0.5833333333333334
    ],
    [
      "medium",
      0.5166666666666667
    ],
    [
      "easy",
      0.4166666666666667
    ]
  ]
}