{
  "timestamp": "2025-09-09T02:02:35.387925",
  "games_per_matchup": 20,
  "total_time_seconds": 8.595308065414429,
  "win_rates": {
    "easy": {
      "medium": 0.35,
      "hard": 0.55,
      "expert": 0.3
    },
    "medium": {
      "easy": 0.3,
      "hard": 0.65,
      "expert": 0.4
    },
    "hard": {
      "easy": 0.65,
      "medium": 0.35,
      "expert": 0.4
    },
    "expert": {
      "easy": 0.65,
      "medium": 0.65,
      "hard": 0.7
    }
  },
  "game_lengths": {
    "easy_vs_medium": [
      25,
      11,
      23,
      15,
      13,
      14,
      13,
      13,
      17,
      16,
      8,
      14,
      13,
      13,
      22,
      18,
      10,
      9,
      17,
      15
    ],
    "medium_vs_easy": [
      8,
      14,
      22,
      14,
      17,
      31,
      17,
      22,
      30,
      12,
      21,
      15,
      9,
      20,
      16,
      11,
      11,
      24,
      24,
      16
    ],
    "easy_vs_hard": [
      10,
      9,
      14,
      13,
      10,
      14,
      10,
      11,
      12,
      8,
      19,
      13,
      5,
      7,
      7,
      11,
      6,
      10,
      11,
      8
    ],
    "hard_vs_easy": [
      10,
      13,
      10,
      8,
      12,
      12,
      9,
      12,
      15,
      17,
      9,
      11,
      10,
      9,
      9,
      6,
      9,
      12,
      7,
      4
    ],
    "easy_vs_expert": [
      10,
      12,
      8,
      11,
      6,
      12,
      13,
      13,
      28,
      8,
      9,
      11,
      9,
      13,
      16,
      8,
      8,
      6,
      8,
      21
    ],
    "expert_vs_easy": [
      8,
      4,
      9,
      10,
      11,
      13,
      12,
      11,
      15,
      11,
      12,
      11,
      6,
      8,
      9,
      8,
      10,
      10,
      9,
      15
    ],
    "medium_vs_hard": [
      12,
      12,
      14,
      12,
      16,
      10,
      9,
      15,
      6,
      9,
      10,
      8,
      9,
      10,
      15,
      6,
      13,
      12,
      10,
      14
    ],
    "hard_vs_medium": [
      12,
      12,
      9,
      13,
      15,
      7,
      10,
      12,
      8,
      7,
      10,
      10,
      7,
      8,
      8,
      16,
      12,
      13,
      12,
      14
    ],
    "medium_vs_expert": [
      13,
      13,
      17,
      10,
      12,
      14,
      19,
      11,
      21,
      13,
      5,
      20,
      14,
      15,
      15,
      8,
      11,
      9,
      13,
      16
    ],
    "expert_vs_medium": [
      22,
      13,
      11,
      12,
      14,
      19,
      12,
      11,
      12,
      11,
      12,
      15,
      12,
      13,
      10,
      9,
      13,
      12,
      12,
      11
    ],
    "hard_vs_expert": [
      6,
      13,
      10,
      8,
      14,
      10,
      10,
      9,
      14,
      10,
      4,
      13,
      18,
      10,
      6,
      4,
      10,
      12,
      7,
      9
    ],
    "expert_vs_hard": [
      6,
      8,
      18,
      11,
      5,
      8,
      12,
      10,
      10,
      11,
      8,
      7,
      2,
      9,
      9,
      8,
      10,
      9,
      6,
      11
    ]
  },
  "element_usage": {
    "easy": {
      "Water": 56,
      "Ichor": 61,
      "Venom": 39,
      "Lightning": 48,
      "Wood": 71,
      "Blood": 46,
      "Time": 38,
      "Twilight": 69,
      "Earth": 38,
      "Nectar": 60,
      "Wind": 41,
      "Sunbeam": 35,
      "Thunder": 34,
      "Moonshine": 65,
      "Space": 37,
      "Metal": 56,
      "Shadow": 32,
      "Fire": 39,
      "Aster": 38
    },
    "medium": {
      "Moonshine": 77,
      "Thunder": 42,
      "Space": 40,
      "Ichor": 39,
      "Twilight": 63,
      "Aster": 41,
      "Wood": 40,
      "Metal": 75,
      "Time": 29,
      "Sunbeam": 47,
      "Shadow": 38,
      "Earth": 55,
      "Nectar": 84,
      "Wind": 44,
      "Venom": 42,
      "Fire": 36,
      "Water": 56,
      "Blood": 40,
      "Lightning": 39
    },
    "hard": {
      "Fire": 59,
      "Space": 53,
      "Venom": 63,
      "Blood": 79,
      "Metal": 54,
      "Sunbeam": 61,
      "Twilight": 52,
      "Earth": 61,
      "Shadow": 50,
      "Water": 42,
      "Nectar": 47,
      "Thunder": 62,
      "Aster": 52,
      "Lightning": 59,
      "Time": 59,
      "Wind": 47,
      "Moonshine": 45,
      "Ichor": 45,
      "Wood": 66
    },
    "expert": {
      "Fire": 56,
      "Thunder": 68,
      "Moonshine": 64,
      "Aster": 54,
      "Venom": 69,
      "Lightning": 62,
      "Blood": 45,
      "Metal": 63,
      "Time": 67,
      "Shadow": 50,
      "Twilight": 52,
      "Nectar": 55,
      "Ichor": 54,
      "Wood": 46,
      "Sunbeam": 42,
      "Earth": 44,
      "Water": 60,
      "Wind": 54,
      "Space": 50
    }
  },
  "rankings": [
    [
      "expert",
      0.6666666666666666
    ],
    [
      "hard",
      0.4666666666666667
    ],
    [
      "medium",
      0.45
    ],
    [
      "easy",
      0.4
    ]
  ]
}