{
  "timestamp": "2025-09-09T03:10:45.527713",
  "games_per_matchup": 20,
  "total_time_seconds": 8.82323932647705,
  "win_rates": {
    "easy": {
      "medium": 0.4,
      "hard": 0.15,
      "expert": 0.3
    },
    "medium": {
      "easy": 0.65,
      "hard": 0.6,
      "expert": 0.6
    },
    "hard": {
      "easy": 0.5,
      "medium": 0.4,
      "expert": 0.35
    },
    "expert": {
      "easy": 0.85,
      "medium": 0.65,
      "hard": 0.6
    }
  },
  "game_lengths": {
    "easy_vs_medium": [
      17,
      15,
      9,
      7,
      14,
      21,
      15,
      23,
      16,
      14,
      8,
      27,
      19,
      13,
      22,
      19,
      9,
      9,
      18,
      11
    ],
    "medium_vs_easy": [
      6,
      12,
      22,
      18,
      13,
      14,
      19,
      14,
      15,
      14,
      33,
      18,
      17,
      12,
      13,
      13,
      14,
      16,
      22,
      42
    ],
    "easy_vs_hard": [
      6,
      11,
      7,
      17,
      10,
      8,
      11,
      8,
      6,
      7,
      9,
      10,
      17,
      12,
      11,
      9,
      17,
      9,
      8,
      8
    ],
    "hard_vs_easy": [
      11,
      10,
      5,
      8,
      4,
      13,
      16,
      12,
      9,
      11,
      9,
      15,
      13,
      12,
      17,
      13,
      12,
      12,
      9,
      12
    ],
    "easy_vs_expert": [
      8,
      12,
      11,
      8,
      16,
      11,
      12,
      10,
      7,
      7,
      12,
      27,
      18,
      15,
      18,
      21,
      10,
      12,
      12,
      11
    ],
    "expert_vs_easy": [
      15,
      5,
      12,
      14,
      21,
      15,
      16,
      7,
      22,
      11,
      5,
      11,
      13,
      13,
      14,
      8,
      12,
      23,
      6,
      4
    ],
    "medium_vs_hard": [
      14,
      16,
      13,
      14,
      12,
      8,
      12,
      20,
      15,
      7,
      7,
      10,
      10,
      20,
      5,
      12,
      15,
      6,
      13,
      8
    ],
    "hard_vs_medium": [
      11,
      5,
      9,
      12,
      10,
      15,
      10,
      10,
      14,
      15,
      8,
      13,
      12,
      10,
      12,
      14,
      12,
      10,
      5,
      15
    ],
    "medium_vs_expert": [
      10,
      16,
      17,
      12,
      13,
      12,
      11,
      13,
      11,
      14,
      9,
      9,
      9,
      14,
      22,
      12,
      12,
      16,
      13,
      15
    ],
    "expert_vs_medium": [
      13,
      13,
      11,
      12,
      22,
      11,
      6,
      7,
      11,
      14,
      15,
      24,
      10,
      13,
      13,
      10,
      15,
      16,
      7,
      14
    ],
    "hard_vs_expert": [
      15,
      8,
      7,
      9,
      5,
      12,
      10,
      7,
      7,
      11,
      10,
      7,
      5,
      6,
      8,
      7,
      20,
      10,
      10,
      9
    ],
    "expert_vs_hard": [
      14,
      5,
      18,
      13,
      19,
      10,
      6,
      15,
      8,
      10,
      6,
      5,
      8,
      11,
      7,
      9,
      8,
      9,
      9,
      7
    ]
  },
  "element_usage": {
    "easy": {
      "Metal": 54,
      "Water": 61,
      "Time": 34,
      "Wood": 71,
      "Fire": 40,
      "Twilight": 59,
      "Wind": 45,
      "Ichor": 57,
      "Sunbeam": 35,
      "Blood": 40,
      "Thunder": 29,
      "Aster": 25,
      "Earth": 43,
      "Moonshine": 65,
      "Nectar": 54,
      "Venom": 32,
      "Lightning": 29,
      "Shadow": 32,
      "Space": 40
    },
    "medium": {
      "Earth": 55,
      "Time": 32,
      "Water": 46,
      "Moonshine": 65,
      "Aster": 37,
      "Sunbeam": 47,
      "Nectar": 92,
      "Metal": 68,
      "Shadow": 33,
      "Twilight": 42,
      "Blood": 34,
      "Space": 30,
      "Venom": 38,
      "Thunder": 37,
      "Wood": 36,
      "Lightning": 35,
      "Wind": 39,
      "Fire": 44,
      "Ichor": 32
    },
    "hard": {
      "Earth": 62,
      "Venom": 64,
      "Wood": 45,
      "Moonshine": 57,
      "Fire": 58,
      "Aster": 61,
      "Shadow": 71,
      "Space": 61,
      "Thunder": 59,
      "Time": 55,
      "Twilight": 65,
      "Lightning": 66,
      "Wind": 51,
      "Blood": 76,
      "Nectar": 52,
      "Water": 59,
      "Sunbeam": 46,
      "Metal": 54,
      "Ichor": 53
    },
    "expert": {
      "Metal": 57,
      "Water": 61,
      "Ichor": 50,
      "Time": 62,
      "Venom": 79,
      "Lightning": 54,
      "Moonshine": 58,
      "Fire": 62,
      "Aster": 54,
      "Wood": 49,
      "Wind": 54,
      "Shadow": 49,
      "Space": 53,
      "Thunder": 59,
      "Twilight": 55,
      "Blood": 41,
      "Sunbeam": 48,
      "Nectar": 61,
      "Earth": 41
    }
  },
  "rankings": [
    [
      "expert",
      0.7
    ],
    [
      "medium",
      0.6166666666666667
    ],
    [
      "hard",
      0.4166666666666667
    ],
    [
      "easy",
      0.2833333333333333
    ]
  ]
}