{
  "timestamp": "2025-09-03T14:02:14.349038",
  "games_per_matchup": 20,
  "total_time_seconds": 13.263797044754028,
  "win_rates": {
    "easy": {
      "easy": 1.0,
      "medium": 0.5,
      "hard": 0.4,
      "expert": 0.45
    },
    "medium": {
      "easy": 0.75,
      "medium": 1.0,
      "hard": 0.5,
      "expert": 0.5
    },
    "hard": {
      "easy": 0.65,
      "medium": 0.5,
      "hard": 1.0,
      "expert": 0.3
    },
    "expert": {
      "easy": 0.65,
      "medium": 0.45,
      "hard": 0.65,
      "expert": 1.0
    }
  },
  "game_lengths": {
    "easy_vs_easy": [
      11,
      9,
      18,
      33,
      13,
      12,
      29,
      10,
      15,
      14,
      21,
      8,
      16,
      23,
      16,
      10,
      17,
      12,
      17,
      13
    ],
    "easy_vs_medium": [
      12,
      14,
      14,
      20,
      27,
      18,
      15,
      16,
      17,
      12,
      14,
      14,
      13,
      11,
      13,
      16,
      17,
      27,
      13,
      36
    ],
    "medium_vs_easy": [
      13,
      11,
      9,
      19,
      11,
      9,
      14,
      18,
      23,
      13,
      9,
      22,
      206,
      38,
      19,
      16,
      9,
      16,
      18,
      15
    ],
    "easy_vs_hard": [
      6,
      11,
      9,
      10,
      16,
      8,
      15,
      20,
      13,
      16,
      16,
      13,
      10,
      7,
      7,
      8,
      14,
      9,
      6,
      10
    ],
    "hard_vs_easy": [
      10,
      14,
      18,
      15,
      15,
      11,
      7,
      14,
      8,
      7,
      5,
      14,
      9,
      10,
      14,
      11,
      9,
      12,
      12,
      11
    ],
    "easy_vs_expert": [
      13,
      13,
      11,
      9,
      7,
      16,
      14,
      9,
      9,
      12,
      13,
      24,
      10,
      8,
      12,
      4,
      22,
      9,
      9,
      16
    ],
    "expert_vs_easy": [
      10,
      13,
      9,
      19,
      20,
      22,
      6,
      18,
      23,
      10,
      16,
      8,
      10,
      9,
      18,
      7,
      10,
      11,
      5,
      16
    ],
    "medium_vs_medium": [
      21,
      22,
      11,
      14,
      18,
      16,
      27,
      28,
      20,
      13,
      22,
      29,
      13,
      10,
      18,
      8,
      40,
      26,
      12,
      15
    ],
    "medium_vs_hard": [
      13,
      9,
      10,
      13,
      14,
      8,
      8,
      8,
      15,
      12,
      11,
      23,
      10,
      11,
      9,
      15,
      20,
      19,
      12,
      15
    ],
    "hard_vs_medium": [
      7,
      11,
      15,
      12,
      7,
      15,
      11,
      12,
      10,
      10,
      14,
      12,
      13,
      10,
      3,
      15,
      10,
      11,
      6,
      11
    ],
    "medium_vs_expert": [
      30,
      29,
      15,
      7,
      10,
      17,
      16,
      15,
      14,
      18,
      10,
      7,
      9,
      21,
      30,
      7,
      12,
      16,
      38,
      15
    ],
    "expert_vs_medium": [
      11,
      7,
      16,
      14,
      9,
      16,
      13,
      12,
      12,
      8,
      27,
      13,
      12,
      8,
      11,
      12,
      13,
      21,
      12,
      7
    ],
    "hard_vs_hard": [
      7,
      10,
      8,
      9,
      14,
      12,
      4,
      11,
      15,
      4,
      8,
      15,
      11,
      5,
      10,
      5,
      9,
      8,
      5,
      5
    ],
    "hard_vs_expert": [
      16,
      12,
      11,
      14,
      6,
      10,
      14,
      6,
      5,
      9,
      8,
      16,
      4,
      9,
      8,
      18,
      11,
      8,
      7,
      8
    ],
    "expert_vs_hard": [
      8,
      9,
      15,
      8,
      8,
      9,
      4,
      6,
      10,
      8,
      4,
      9,
      13,
      16,
      10,
      8,
      11,
      9,
      12,
      12
    ],
    "expert_vs_expert": [
      9,
      7,
      10,
      6,
      16,
      12,
      10,
      7,
      14,
      8,
      9,
      5,
      25,
      8,
      15,
      8,
      18,
      6,
      12,
      9
    ]
  },
  "element_usage": {
    "easy": {
      "Fire": 55,
      "Wood": 92,
      "Moonshine": 91,
      "Nectar": 80,
      "Earth": 55,
      "Venom": 61,
      "Blood": 65,
      "Aster": 64,
      "Ichor": 87,
      "Wind": 49,
      "Metal": 89,
      "Thunder": 54,
      "Space": 56,
      "Lightning": 53,
      "Twilight": 85,
      "Time": 59,
      "Water": 89,
      "Shadow": 57,
      "Sunbeam": 47
    },
    "medium": {
      "Lightning": 70,
      "Wood": 61,
      "Nectar": 120,
      "Earth": 80,
      "Sunbeam": 70,
      "Aster": 57,
      "Water": 80,
      "Metal": 102,
      "Shadow": 52,
      "Thunder": 69,
      "Space": 55,
      "Moonshine": 99,
      "Blood": 46,
      "Twilight": 82,
      "Fire": 53,
      "Venom": 55,
      "Wind": 68,
      "Time": 50,
      "Ichor": 45
    },
    "hard": {
      "Twilight": 64,
      "Moonshine": 72,
      "Earth": 77,
      "Venom": 73,
      "Sunbeam": 78,
      "Blood": 86,
      "Fire": 85,
      "Time": 77,
      "Aster": 93,
      "Metal": 66,
      "Shadow": 85,
      "Thunder": 69,
      "Lightning": 81,
      "Water": 74,
      "Wind": 54,
      "Space": 73,
      "Nectar": 67,
      "Wood": 81,
      "Ichor": 53
    },
    "expert": {
      "Twilight": 53,
      "Nectar": 48,
      "Earth": 55,
      "Sunbeam": 45,
      "Venom": 65,
      "Metal": 57,
      "Shadow": 46,
      "Space": 48,
      "Wood": 36,
      "Blood": 50,
      "Aster": 43,
      "Wind": 39,
      "Lightning": 56,
      "Moonshine": 53,
      "Water": 49,
      "Thunder": 53,
      "Fire": 48,
      "Ichor": 41,
      "Time": 47
    }
  },
  "rankings": [
    [
      "medium",
      0.5833333333333334
    ],
    [
      "expert",
      0.5833333333333334
    ],
    [
      "hard",
      0.48333333333333334
    ],
    [
      "easy",
      0.45
    ]
  ]
}