{
  "timestamp": "2025-09-09T02:03:28.901118",
  "games_per_matchup": 30,
  "total_time_seconds": 13.082489967346191,
  "win_rates": {
    "easy": {
      "medium": 0.3333333333333333,
      "hard": 0.36666666666666664,
      "expert": 0.3333333333333333
    },
    "medium": {
      "easy": 0.5666666666666667,
      "hard": 0.5666666666666667,
      "expert": 0.5333333333333333
    },
    "hard": {
      "easy": 0.6333333333333333,
      "medium": 0.5,
      "expert": 0.26666666666666666
    },
    "expert": {
      "easy": 0.8,
      "medium": 0.6,
      "hard": 0.7
    }
  },
  "game_lengths": {
    "easy_vs_medium": [
      15,
      11,
      11,
      31,
      17,
      14,
      13,
      12,
      13,
      19,
      23,
      18,
      13,
      12,
      12,
      12,
      20,
      21,
      9,
      31,
      15,
      10,
      14,
      9,
      9,
      29,
      14,
      14,
      18,
      13
    ],
    "medium_vs_easy": [
      13,
      22,
      18,
      9,
      15,
      11,
      14,
      15,
      14,
      21,
      14,
      20,
      16,
      11,
      48,
      10,
      15,
      14,
      13,
      11,
      7,
      11,
      37,
      12,
      14,
      11,
      14,
      27,
      14,
      8
    ],
    "easy_vs_hard": [
      12,
      13,
      8,
      7,
      13,
      13,
      14,
      9,
      12,
      11,
      18,
      8,
      13,
      7,
      9,
      14,
      14,
      16,
      17,
      5,
      9,
      5,
      12,
      5,
      8,
      16,
      10,
      6,
      11,
      8
    ],
    "hard_vs_easy": [
      7,
      8,
      16,
      10,
      9,
      14,
      8,
      9,
      19,
      10,
      13,
      17,
      35,
      14,
      13,
      5,
      15,
      15,
      14,
      16,
      12,
      12,
      12,
      4,
      15,
      7,
      18,
      15,
      24,
      17
    ],
    "easy_vs_expert": [
      14,
      11,
      11,
      8,
      9,
      14,
      11,
      5,
      11,
      6,
      12,
      11,
      11,
      11,
      11,
      10,
      6,
      15,
      14,
      6,
      14,
      9,
      12,
      32,
      5,
      11,
      11,
      10,
      11,
      12
    ],
    "expert_vs_easy": [
      7,
      12,
      6,
      14,
      25,
      8,
      11,
      11,
      16,
      15,
      11,
      14,
      13,
      13,
      19,
      7,
      6,
      15,
      11,
      8,
      21,
      7,
      15,
      12,
      12,
      37,
      9,
      25,
      9,
      12
    ],
    "medium_vs_hard": [
      11,
      18,
      13,
      15,
      13,
      10,
      13,
      7,
      8,
      10,
      9,
      10,
      11,
      14,
      10,
      20,
      7,
      16,
      6,
      10,
      11,
      15,
      12,
      12,
      12,
      9,
      20,
      12,
      18,
      12
    ],
    "hard_vs_medium": [
      12,
      19,
      14,
      20,
      19,
      7,
      12,
      9,
      14,
      12,
      12,
      9,
      11,
      14,
      14,
      13,
      12,
      9,
      12,
      11,
      8,
      14,
      19,
      9,
      6,
      13,
      20,
      15,
      3,
      13
    ],
    "medium_vs_expert": [
      20,
      24,
      15,
      22,
      17,
      18,
      17,
      14,
      13,
      13,
      8,
      17,
      16,
      7,
      8,
      35,
      15,
      9,
      13,
      14,
      27,
      11,
      15,
      9,
      7,
      13,
      16,
      14,
      7,
      16
    ],
    "expert_vs_medium": [
      17,
      13,
      10,
      12,
      18,
      11,
      25,
      12,
      9,
      16,
      20,
      12,
      17,
      16,
      4,
      15,
      13,
      7,
      10,
      9,
      9,
      10,
      16,
      13,
      12,
      8,
      12,
      11,
      9,
      11
    ],
    "hard_vs_expert": [
      10,
      10,
      11,
      11,
      9,
      9,
      12,
      9,
      10,
      4,
      5,
      16,
      10,
      11,
      11,
      10,
      6,
      3,
      12,
      8,
      12,
      7,
      7,
      11,
      10,
      5,
      9,
      15,
      6,
      9
    ],
    "expert_vs_hard": [
      7,
      5,
      5,
      4,
      9,
      7,
      4,
      9,
      5,
      8,
      20,
      9,
      9,
      15,
      11,
      7,
      10,
      8,
      9,
      4,
      6,
      13,
      7,
      9,
      4,
      5,
      12,
      14,
      8,
      12
    ]
  },
  "element_usage": {
    "easy": {
      "Wood": 98,
      "Moonshine": 89,
      "Blood": 70,
      "Water": 89,
      "Earth": 70,
      "Metal": 87,
      "Space": 60,
      "Shadow": 46,
      "Aster": 49,
      "Time": 51,
      "Fire": 41,
      "Nectar": 78,
      "Wind": 69,
      "Twilight": 92,
      "Thunder": 50,
      "Ichor": 90,
      "Lightning": 54,
      "Venom": 58,
      "Sunbeam": 61
    },
    "medium": {
      "Metal": 113,
      "Sunbeam": 65,
      "Space": 54,
      "Wood": 59,
      "Shadow": 48,
      "Blood": 49,
      "Aster": 59,
      "Moonshine": 106,
      "Fire": 58,
      "Time": 49,
      "Twilight": 72,
      "Ichor": 48,
      "Venom": 62,
      "Nectar": 125,
      "Earth": 78,
      "Thunder": 64,
      "Water": 77,
      "Lightning": 61,
      "Wind": 71
    },
    "hard": {
      "Sunbeam": 96,
      "Thunder": 89,
      "Space": 77,
      "Wind": 89,
      "Wood": 103,
      "Blood": 118,
      "Aster": 96,
      "Time": 87,
      "Water": 77,
      "Nectar": 68,
      "Venom": 80,
      "Metal": 73,
      "Shadow": 74,
      "Twilight": 83,
      "Earth": 95,
      "Moonshine": 71,
      "Lightning": 87,
      "Fire": 89,
      "Ichor": 67
    },
    "expert": {
      "Thunder": 101,
      "Metal": 88,
      "Space": 71,
      "Moonshine": 95,
      "Aster": 78,
      "Fire": 80,
      "Earth": 70,
      "Lightning": 91,
      "Venom": 103,
      "Sunbeam": 66,
      "Wood": 61,
      "Blood": 57,
      "Nectar": 75,
      "Shadow": 72,
      "Time": 92,
      "Ichor": 83,
      "Twilight": 87,
      "Wind": 76,
      "Water": 94
    }
  },
  "rankings": [
    [
      "expert",
      0.7
    ],
    [
      "medium",
      0.5555555555555556
    ],
    [
      "hard",
      0.4666666666666667
    ],
    [
      "easy",
      0.34444444444444444
    ]
  ]
}