{
  "timestamp": "2025-09-09T03:12:37.582328",
  "games_per_matchup": 40,
  "total_time_seconds": 17.47678804397583,
  "win_rates": {
    "easy": {
      "medium": 0.375,
      "hard": 0.325,
      "expert": 0.225
    },
    "medium": {
      "easy": 0.6,
      "hard": 0.55,
      "expert": 0.575
    },
    "hard": {
      "easy": 0.675,
      "medium": 0.375,
      "expert": 0.425
    },
    "expert": {
      "easy": 0.8,
      "medium": 0.625,
      "hard": 0.65
    }
  },
  "game_lengths": {
    "easy_vs_medium": [
      14,
      14,
      15,
      19,
      11,
      17,
      17,
      30,
      22,
      13,
      13,
      13,
      11,
      11,
      17,
      11,
      17,
      10,
      24,
      15,
      20,
      13,
      21,
      15,
      11,
      15,
      14,
      17,
      16,
      15,
      15,
      17,
      21,
      17,
      15,
      12,
      13,
      12,
      13,
      14
    ],
    "medium_vs_easy": [
      24,
      13,
      10,
      12,
      17,
      24,
      21,
      12,
      11,
      18,
      31,
      49,
      10,
      10,
      53,
      13,
      7,
      7,
      29,
      25,
      9,
      14,
      10,
      11,
      74,
      31,
      10,
      38,
      10,
      16,
      20,
      21,
      17,
      15,
      13,
      21,
      23,
      12,
      14,
      11
    ],
    "easy_vs_hard": [
      11,
      11,
      11,
      20,
      12,
      9,
      15,
      16,
      3,
      11,
      12,
      9,
      7,
      8,
      9,
      11,
      12,
      10,
      10,
      14,
      9,
      8,
      7,
      7,
      12,
      13,
      21,
      14,
      6,
      12,
      11,
      10,
      15,
      8,
      5,
      13,
      7,
      18,
      12,
      11
    ],
    "hard_vs_easy": [
      13,
      16,
      15,
      9,
      5,
      7,
      25,
      14,
      13,
      7,
      11,
      11,
      7,
      8,
      7,
      7,
      7,
      3,
      22,
      9,
      14,
      8,
      7,
      6,
      11,
      11,
      10,
      19,
      11,
      9,
      8,
      12,
      10,
      8,
      8,
      8,
      13,
      8,
      13,
      25
    ],
    "easy_vs_expert": [
      15,
      10,
      9,
      14,
      18,
      9,
      12,
      11,
      10,
      12,
      7,
      15,
      37,
      6,
      10,
      12,
      20,
      8,
      11,
      8,
      11,
      10,
      11,
      12,
      8,
      18,
      13,
      7,
      17,
      15,
      7,
      15,
      10,
      8,
      11,
      8,
      16,
      12,
      7,
      13
    ],
    "expert_vs_easy": [
      9,
      11,
      11,
      13,
      4,
      9,
      8,
      7,
      12,
      9,
      12,
      9,
      20,
      10,
      13,
      30,
      21,
      16,
      10,
      7,
      11,
      11,
      15,
      8,
      10,
      7,
      10,
      19,
      9,
      7,
      6,
      7,
      13,
      12,
      8,
      15,
      13,
      16,
      15,
      6
    ],
    "medium_vs_hard": [
      7,
      11,
      9,
      12,
      9,
      11,
      12,
      11,
      9,
      19,
      11,
      12,
      10,
      14,
      11,
      8,
      11,
      11,
      13,
      11,
      10,
      12,
      11,
      11,
      12,
      9,
      12,
      10,
      12,
      10,
      10,
      15,
      6,
      14,
      12,
      12,
      10,
      9,
      12,
      16
    ],
    "hard_vs_medium": [
      14,
      14,
      25,
      12,
      9,
      11,
      13,
      7,
      13,
      10,
      10,
      14,
      10,
      7,
      7,
      12,
      10,
      8,
      10,
      13,
      13,
      13,
      11,
      8,
      23,
      17,
      8,
      8,
      20,
      6,
      12,
      6,
      12,
      12,
      18,
      9,
      11,
      6,
      15,
      15
    ],
    "medium_vs_expert": [
      6,
      16,
      7,
      12,
      13,
      12,
      12,
      13,
      16,
      9,
      11,
      10,
      23,
      6,
      29,
      18,
      14,
      21,
      9,
      20,
      25,
      11,
      19,
      15,
      11,
      11,
      16,
      16,
      10,
      16,
      9,
      9,
      12,
      12,
      8,
      12,
      23,
      11,
      12,
      11
    ],
    "expert_vs_medium": [
      13,
      16,
      23,
      5,
      10,
      12,
      10,
      8,
      25,
      12,
      9,
      20,
      13,
      9,
      12,
      12,
      21,
      13,
      14,
      12,
      13,
      11,
      13,
      8,
      11,
      19,
      10,
      15,
      14,
      12,
      9,
      11,
      17,
      10,
      8,
      13,
      9,
      20,
      16,
      12
    ],
    "hard_vs_expert": [
      9,
      10,
      8,
      9,
      9,
      6,
      5,
      11,
      8,
      9,
      11,
      9,
      5,
      10,
      11,
      11,
      4,
      9,
      14,
      9,
      9,
      8,
      15,
      7,
      10,
      12,
      9,
      15,
      12,
      7,
      8,
      7,
      11,
      11,
      10,
      12,
      8,
      8,
      12,
      4
    ],
    "expert_vs_hard": [
      13,
      5,
      8,
      4,
      7,
      13,
      12,
      10,
      5,
      11,
      5,
      7,
      12,
      9,
      12,
      10,
      6,
      9,
      6,
      9,
      8,
      4,
      9,
      6,
      9,
      9,
      6,
      11,
      9,
      15,
      15,
      5,
      12,
      15,
      7,
      20,
      10,
      5,
      9,
      8
    ]
  },
  "element_usage": {
    "easy": {
      "Lightning": 77,
      "Nectar": 127,
      "Water": 134,
      "Venom": 73,
      "Earth": 73,
      "Thunder": 71,
      "Twilight": 142,
      "Blood": 96,
      "Space": 72,
      "Wood": 144,
      "Sunbeam": 65,
      "Metal": 120,
      "Wind": 78,
      "Aster": 76,
      "Moonshine": 107,
      "Shadow": 67,
      "Fire": 73,
      "Time": 69,
      "Ichor": 116
    },
    "medium": {
      "Nectar": 169,
      "Moonshine": 151,
      "Lightning": 74,
      "Wind": 79,
      "Aster": 78,
      "Venom": 71,
      "Time": 68,
      "Twilight": 105,
      "Shadow": 66,
      "Fire": 66,
      "Sunbeam": 90,
      "Ichor": 64,
      "Metal": 151,
      "Thunder": 78,
      "Earth": 100,
      "Space": 68,
      "Water": 115,
      "Wood": 67,
      "Blood": 68
    },
    "hard": {
      "Wind": 107,
      "Aster": 130,
      "Earth": 126,
      "Thunder": 134,
      "Space": 132,
      "Lightning": 125,
      "Fire": 137,
      "Nectar": 94,
      "Sunbeam": 110,
      "Ichor": 108,
      "Venom": 117,
      "Time": 106,
      "Moonshine": 96,
      "Shadow": 128,
      "Wood": 96,
      "Metal": 105,
      "Water": 99,
      "Twilight": 91,
      "Blood": 138
    },
    "expert": {
      "Nectar": 105,
      "Time": 135,
      "Thunder": 120,
      "Wind": 94,
      "Earth": 97,
      "Twilight": 111,
      "Moonshine": 132,
      "Lightning": 113,
      "Shadow": 87,
      "Fire": 102,
      "Water": 115,
      "Wood": 88,
      "Sunbeam": 86,
      "Metal": 115,
      "Venom": 124,
      "Ichor": 109,
      "Aster": 101,
      "Space": 88,
      "Blood": 76
    }
  },
  "rankings": [
    [
      "expert",
      0.6916666666666667
    ],
    [
      "medium",
      0.575
    ],
    [
      "hard",
      0.49166666666666664
    ],
    [
      "easy",
      0.30833333333333335
    ]
  ]
}