{
  "timestamp": "2025-09-08T14:04:39.779121",
  "games_per_matchup": 30,
  "total_time_seconds": 14.318549871444702,
  "win_rates": {
    "easy": {
      "medium": 0.36666666666666664,
      "hard": 0.3333333333333333,
      "expert": 0.16666666666666666
    },
    "medium": {
      "easy": 0.6333333333333333,
      "hard": 0.4,
      "expert": 0.4666666666666667
    },
    "hard": {
      "easy": 0.7,
      "medium": 0.6333333333333333,
      "expert": 0.43333333333333335
    },
    "expert": {
      "easy": 0.6,
      "medium": 0.6,
      "hard": 0.5333333333333333
    }
  },
  "game_lengths": {
    "easy_vs_medium": [
      13,
      15,
      18,
      10,
      16,
      23,
      32,
      20,
      19,
      16,
      15,
      12,
      14,
      26,
      11,
      17,
      11,
      14,
      10,
      15,
      11,
      21,
      10,
      12,
      20,
      19,
      9,
      45,
      15,
      10
    ],
    "medium_vs_easy": [
      12,
      21,
      18,
      15,
      20,
      13,
      11,
      9,
      26,
      12,
      14,
      27,
      25,
      13,
      16,
      8,
      6,
      16,
      8,
      15,
      14,
      12,
      49,
      11,
      20,
      10,
      17,
      25,
      13,
      11
    ],
    "easy_vs_hard": [
      7,
      6,
      9,
      9,
      7,
      10,
      10,
      8,
      7,
      16,
      12,
      16,
      16,
      12,
      5,
      4,
      12,
      10,
      10,
      15,
      12,
      21,
      12,
      15,
      6,
      6,
      11,
      9,
      8,
      14
    ],
    "hard_vs_easy": [
      12,
      11,
      9,
      7,
      9,
      9,
      11,
      6,
      12,
      13,
      14,
      7,
      10,
      6,
      16,
      11,
      9,
      11,
      12,
      10,
      8,
      8,
      9,
      21,
      15,
      21,
      9,
      7,
      5,
      13
    ],
    "easy_vs_expert": [
      7,
      14,
      13,
      11,
      9,
      7,
      19,
      4,
      9,
      16,
      10,
      11,
      8,
      9,
      14,
      13,
      9,
      11,
      14,
      15,
      13,
      21,
      12,
      9,
      9,
      9,
      5,
      21,
      10,
      10
    ],
    "expert_vs_easy": [
      13,
      10,
      11,
      10,
      9,
      7,
      14,
      12,
      8,
      13,
      13,
      11,
      10,
      6,
      12,
      9,
      23,
      9,
      15,
      13,
      11,
      5,
      16,
      13,
      12,
      10,
      14,
      11,
      17,
      15
    ],
    "medium_vs_hard": [
      10,
      9,
      8,
      7,
      12,
      10,
      9,
      11,
      8,
      4,
      18,
      12,
      19,
      7,
      11,
      9,
      10,
      17,
      16,
      11,
      9,
      9,
      9,
      13,
      9,
      14,
      11,
      4,
      17,
      9
    ],
    "hard_vs_medium": [
      10,
      9,
      7,
      14,
      10,
      14,
      12,
      8,
      11,
      9,
      11,
      17,
      14,
      8,
      23,
      14,
      8,
      6,
      10,
      14,
      8,
      9,
      11,
      9,
      8,
      5,
      11,
      9,
      11,
      17
    ],
    "medium_vs_expert": [
      14,
      14,
      9,
      7,
      19,
      13,
      6,
      13,
      16,
      10,
      13,
      10,
      11,
      11,
      11,
      13,
      11,
      10,
      14,
      11,
      12,
      11,
      12,
      9,
      32,
      6,
      19,
      12,
      26,
      13
    ],
    "expert_vs_medium": [
      10,
      13,
      11,
      8,
      10,
      7,
      14,
      20,
      14,
      18,
      24,
      15,
      27,
      10,
      11,
      23,
      13,
      15,
      10,
      12,
      10,
      17,
      10,
      7,
      23,
      5,
      16,
      9,
      13,
      7
    ],
    "hard_vs_expert": [
      20,
      9,
      12,
      10,
      8,
      9,
      14,
      9,
      11,
      12,
      13,
      8,
      12,
      7,
      7,
      11,
      13,
      8,
      9,
      12,
      8,
      8,
      6,
      10,
      12,
      7,
      4,
      8,
      11,
      9
    ],
    "expert_vs_hard": [
      25,
      15,
      11,
      7,
      12,
      12,
      6,
      12,
      20,
      8,
      4,
      15,
      12,
      19,
      18,
      11,
      5,
      16,
      9,
      13,
      10,
      5,
      11,
      5,
      8,
      16,
      8,
      12,
      13,
      9
    ]
  },
  "element_usage": {
    "easy": {
      "Moonshine": 98,
      "Venom": 48,
      "Twilight": 100,
      "Wood": 93,
      "Time": 50,
      "Metal": 81,
      "Fire": 46,
      "Ichor": 96,
      "Water": 100,
      "Thunder": 51,
      "Space": 66,
      "Blood": 70,
      "Earth": 65,
      "Nectar": 76,
      "Shadow": 50,
      "Lightning": 63,
      "Sunbeam": 56,
      "Wind": 59,
      "Aster": 52
    },
    "medium": {
      "Twilight": 75,
      "Aster": 57,
      "Thunder": 41,
      "Space": 56,
      "Shadow": 60,
      "Wind": 50,
      "Metal": 126,
      "Earth": 86,
      "Sunbeam": 72,
      "Nectar": 135,
      "Venom": 56,
      "Wood": 55,
      "Time": 45,
      "Fire": 57,
      "Water": 83,
      "Moonshine": 100,
      "Lightning": 61,
      "Ichor": 39,
      "Blood": 48
    },
    "hard": {
      "Moonshine": 70,
      "Venom": 100,
      "Aster": 88,
      "Thunder": 112,
      "Shadow": 70,
      "Wind": 84,
      "Blood": 108,
      "Fire": 103,
      "Time": 90,
      "Twilight": 76,
      "Metal": 64,
      "Earth": 83,
      "Water": 78,
      "Sunbeam": 86,
      "Wood": 79,
      "Space": 69,
      "Lightning": 83,
      "Ichor": 71,
      "Nectar": 63
    },
    "expert": {
      "Venom": 109,
      "Shadow": 75,
      "Space": 71,
      "Time": 96,
      "Blood": 68,
      "Metal": 98,
      "Lightning": 91,
      "Sunbeam": 62,
      "Nectar": 88,
      "Wood": 77,
      "Thunder": 97,
      "Aster": 73,
      "Wind": 91,
      "Fire": 93,
      "Earth": 70,
      "Twilight": 74,
      "Water": 95,
      "Ichor": 70,
      "Moonshine": 103
    }
  },
  "rankings": [
    [
      "hard",
      0.5888888888888889
    ],
    [
      "expert",
      0.5777777777777777
    ],
    [
      "medium",
      0.5
    ],
    [
      "easy",
      0.28888888888888886
    ]
  ]
}