{
  "timestamp": "2025-09-09T03:16:51.398072",
  "games_per_matchup": 40,
  "total_time_seconds": 19.096814155578613,
  "win_rates": {
    "easy": {
      "medium": 0.3,
      "hard": 0.4,
      "expert": 0.375
    },
    "medium": {
      "easy": 0.65,
      "hard": 0.5,
      "expert": 0.375
    },
    "hard": {
      "easy": 0.625,
      "medium": 0.5,
      "expert": 0.4
    },
    "expert": {
      "easy": 0.7,
      "medium": 0.525,
      "hard": 0.5
    }
  },
  "game_lengths": {
    "easy_vs_medium": [
      18,
      15,
      27,
      16,
      28,
      10,
      200,
      10,
      20,
      29,
      18,
      9,
      13,
      12,
      11,
      14,
      10,
      20,
      24,
      19,
      18,
      16,
      8,
      26,
      12,
      14,
      21,
      17,
      13,
      14,
      15,
      12,
      31,
      11,
      19,
      19,
      11,
      14,
      14,
      15
    ],
    "medium_vs_easy": [
      14,
      21,
      14,
      12,
      11,
      14,
      13,
      16,
      26,
      14,
      21,
      17,
      13,
      16,
      18,
      14,
      30,
      12,
      10,
      15,
      18,
      9,
      19,
      9,
      17,
      17,
      16,
      7,
      26,
      34,
      12,
      18,
      6,
      16,
      13,
      13,
      15,
      8,
      14,
      11
    ],
    "easy_vs_hard": [
      10,
      7,
      17,
      14,
      10,
      10,
      13,
      7,
      15,
      9,
      7,
      19,
      8,
      11,
      9,
      17,
      15,
      11,
      14,
      8,
      11,
      7,
      9,
      9,
      6,
      8,
      7,
      23,
      16,
      12,
      10,
      11,
      10,
      14,
      11,
      12,
      8,
      8,
      13,
      5
    ],
    "hard_vs_easy": [
      12,
      10,
      9,
      13,
      9,
      9,
      13,
      17,
      14,
      8,
      17,
      8,
      5,
      17,
      16,
      12,
      10,
      11,
      14,
      9,
      16,
      15,
      8,
      10,
      19,
      5,
      11,
      10,
      12,
      8,
      13,
      11,
      12,
      10,
      11,
      20,
      11,
      28,
      14,
      9
    ],
    "easy_vs_expert": [
      13,
      14,
      29,
      14,
      13,
      9,
      9,
      15,
      10,
      15,
      6,
      19,
      12,
      13,
      8,
      12,
      11,
      12,
      11,
      10,
      5,
      10,
      8,
      10,
      4,
      9,
      17,
      12,
      20,
      17,
      9,
      8,
      9,
      17,
      6,
      14,
      15,
      8,
      13,
      10
    ],
    "expert_vs_easy": [
      9,
      9,
      11,
      12,
      7,
      9,
      17,
      14,
      15,
      4,
      14,
      12,
      13,
      30,
      12,
      6,
      11,
      10,
      15,
      9,
      13,
      12,
      7,
      10,
      8,
      22,
      9,
      7,
      15,
      11,
      9,
      12,
      12,
      13,
      28,
      8,
      10,
      9,
      13,
      13
    ],
    "medium_vs_hard": [
      9,
      18,
      14,
      11,
      9,
      12,
      15,
      16,
      8,
      7,
      10,
      8,
      14,
      12,
      14,
      13,
      7,
      8,
      17,
      8,
      10,
      6,
      15,
      11,
      7,
      7,
      8,
      21,
      16,
      12,
      7,
      11,
      12,
      13,
      15,
      12,
      7,
      15,
      17,
      10
    ],
    "hard_vs_medium": [
      8,
      10,
      12,
      15,
      10,
      12,
      18,
      10,
      17,
      7,
      16,
      11,
      20,
      11,
      10,
      11,
      13,
      16,
      11,
      10,
      12,
      13,
      12,
      10,
      15,
      13,
      12,
      12,
      10,
      12,
      9,
      10,
      9,
      22,
      12,
      11,
      22,
      9,
      14,
      11
    ],
    "medium_vs_expert": [
      18,
      5,
      24,
      15,
      9,
      12,
      18,
      11,
      7,
      11,
      16,
      7,
      15,
      13,
      12,
      6,
      11,
      12,
      12,
      9,
      12,
      10,
      20,
      9,
      13,
      14,
      19,
      15,
      10,
      13,
      12,
      9,
      17,
      17,
      11,
      13,
      21,
      8,
      31,
      7
    ],
    "expert_vs_medium": [
      16,
      20,
      7,
      11,
      15,
      26,
      19,
      20,
      12,
      18,
      10,
      11,
      10,
      10,
      19,
      16,
      14,
      10,
      19,
      9,
      13,
      13,
      16,
      11,
      9,
      15,
      10,
      20,
      13,
      14,
      12,
      15,
      15,
      13,
      11,
      12,
      15,
      17,
      12,
      11
    ],
    "hard_vs_expert": [
      27,
      10,
      5,
      16,
      9,
      6,
      7,
      10,
      13,
      9,
      9,
      8,
      10,
      10,
      9,
      8,
      13,
      8,
      7,
      4,
      8,
      12,
      7,
      10,
      10,
      9,
      6,
      13,
      11,
      5,
      5,
      14,
      10,
      15,
      10,
      10,
      11,
      5,
      7,
      12
    ],
    "expert_vs_hard": [
      11,
      10,
      9,
      10,
      10,
      11,
      15,
      17,
      9,
      11,
      10,
      9,
      17,
      13,
      9,
      6,
      10,
      10,
      9,
      12,
      11,
      9,
      9,
      8,
      7,
      12,
      6,
      9,
      9,
      6,
      7,
      11,
      9,
      7,
      12,
      6,
      18,
      12,
      7,
      10
    ]
  },
  "element_usage": {
    "medium": {
      "Blood": 73,
      "Wood": 77,
      "Fire": 75,
      "Moonshine": 155,
      "Metal": 145,
      "Lightning": 76,
      "Twilight": 102,
      "Earth": 116,
      "Time": 89,
      "Sunbeam": 84,
      "Nectar": 164,
      "Space": 71,
      "Venom": 91,
      "Ichor": 73,
      "Wind": 86,
      "Water": 103,
      "Aster": 67,
      "Shadow": 70,
      "Thunder": 59
    },
    "easy": {
      "Ichor": 124,
      "Water": 135,
      "Lightning": 74,
      "Earth": 84,
      "Shadow": 71,
      "Thunder": 74,
      "Aster": 84,
      "Moonshine": 129,
      "Wind": 78,
      "Venom": 90,
      "Wood": 139,
      "Metal": 123,
      "Fire": 88,
      "Blood": 87,
      "Twilight": 127,
      "Nectar": 106,
      "Sunbeam": 80,
      "Time": 58,
      "Space": 82
    },
    "hard": {
      "Blood": 114,
      "Thunder": 121,
      "Water": 112,
      "Aster": 137,
      "Time": 111,
      "Sunbeam": 125,
      "Nectar": 99,
      "Moonshine": 97,
      "Space": 139,
      "Venom": 126,
      "Lightning": 146,
      "Earth": 125,
      "Wind": 120,
      "Wood": 115,
      "Fire": 124,
      "Twilight": 98,
      "Shadow": 118,
      "Ichor": 87,
      "Metal": 98
    },
    "expert": {
      "Shadow": 97,
      "Metal": 115,
      "Fire": 124,
      "Lightning": 111,
      "Blood": 86,
      "Thunder": 136,
      "Earth": 102,
      "Time": 138,
      "Aster": 119,
      "Nectar": 110,
      "Moonshine": 113,
      "Venom": 135,
      "Wood": 97,
      "Ichor": 105,
      "Water": 122,
      "Sunbeam": 90,
      "Space": 95,
      "Wind": 114,
      "Twilight": 101
    }
  },
  "rankings": [
    [
      "expert",
      0.575
    ],
    [
      "medium",
      0.5083333333333333
    ],
    [
      "hard",
      0.5083333333333333
    ],
    [
      "easy",
      0.35833333333333334
    ]
  ]
}