{
  "timestamp": "2025-09-04T13:23:48.345996",
  "games_per_matchup": 10,
  "total_time_seconds": 4.45216703414917,
  "win_rates": {
    "easy": {
      "easy": 1.0,
      "medium": 0.1,
      "hard": 0.3,
      "expert": 0.5
    },
    "medium": {
      "easy": 0.5,
      "medium": 1.0,
      "hard": 0.5,
      "expert": 0.4
    },
    "hard": {
      "easy": 0.7,
      "medium": 0.7,
      "hard": 1.0,
      "expert": 0.6
    },
    "expert": {
      "easy": 0.8,
      "medium": 0.7,
      "hard": 0.6,
      "expert": 1.0
    }
  },
  "game_lengths": {
    "easy_vs_easy": [
      14,
      17,
      17,
      11,
      16,
      15,
      11,
      15,
      32,
      5
    ],
    "easy_vs_medium": [
      12,
      12,
      15,
      14,
      12,
      17,
      9,
      26,
      10,
      18
    ],
    "medium_vs_easy": [
      12,
      9,
      10,
      13,
      8,
      10,
      13,
      15,
      15,
      14
    ],
    "easy_vs_hard": [
      16,
      10,
      16,
      10,
      15,
      8,
      12,
      16,
      11,
      11
    ],
    "hard_vs_easy": [
      8,
      10,
      16,
      8,
      7,
      10,
      10,
      12,
      9,
      10
    ],
    "easy_vs_expert": [
      15,
      7,
      12,
      10,
      6,
      12,
      9,
      8,
      20,
      13
    ],
    "expert_vs_easy": [
      16,
      15,
      6,
      8,
      13,
      9,
      5,
      10,
      10,
      12
    ],
    "medium_vs_medium": [
      16,
      25,
      16,
      21,
      35,
      37,
      15,
      16,
      27,
      20
    ],
    "medium_vs_hard": [
      15,
      15,
      12,
      7,
      11,
      11,
      16,
      5,
      7,
      8
    ],
    "hard_vs_medium": [
      11,
      15,
      12,
      20,
      11,
      14,
      13,
      18,
      18,
      15
    ],
    "medium_vs_expert": [
      9,
      9,
      10,
      13,
      6,
      13,
      14,
      8,
      14,
      14
    ],
    "expert_vs_medium": [
      7,
      11,
      14,
      14,
      10,
      14,
      20,
      13,
      12,
      25
    ],
    "hard_vs_hard": [
      17,
      12,
      6,
      4,
      8,
      7,
      10,
      4,
      3,
      12
    ],
    "hard_vs_expert": [
      11,
      6,
      12,
      14,
      8,
      6,
      8,
      12,
      10,
      7
    ],
    "expert_vs_hard": [
      8,
      10,
      17,
      11,
      8,
      15,
      20,
      7,
      8,
      23
    ],
    "expert_vs_expert": [
      5,
      15,
      11,
      7,
      15,
      10,
      10,
      13,
      9,
      10
    ]
  },
  "element_usage": {
    "easy": {
      "Wood": 36,
      "Sunbeam": 28,
      "Moonshine": 37,
      "Thunder": 34,
      "Wind": 30,
      "Nectar": 39,
      "Shadow": 29,
      "Aster": 26,
      "Venom": 28,
      "Twilight": 47,
      "Metal": 41,
      "Water": 42,
      "Lightning": 26,
      "Fire": 18,
      "Ichor": 38,
      "Space": 24,
      "Earth": 22,
      "Time": 27,
      "Blood": 24
    },
    "medium": {
      "Earth": 35,
      "Fire": 29,
      "Lightning": 36,
      "Sunbeam": 25,
      "Ichor": 24,
      "Nectar": 54,
      "Metal": 46,
      "Moonshine": 54,
      "Water": 40,
      "Thunder": 27,
      "Wind": 25,
      "Space": 31,
      "Wood": 28,
      "Venom": 31,
      "Twilight": 39,
      "Time": 25,
      "Shadow": 19,
      "Aster": 24,
      "Blood": 30
    },
    "hard": {
      "Space": 45,
      "Wind": 32,
      "Sunbeam": 42,
      "Earth": 35,
      "Wood": 37,
      "Lightning": 38,
      "Venom": 36,
      "Blood": 43,
      "Twilight": 41,
      "Ichor": 25,
      "Shadow": 35,
      "Moonshine": 43,
      "Thunder": 42,
      "Water": 35,
      "Fire": 43,
      "Nectar": 31,
      "Metal": 36,
      "Aster": 46,
      "Time": 37
    },
    "expert": {
      "Earth": 29,
      "Wood": 22,
      "Ichor": 23,
      "Time": 27,
      "Aster": 19,
      "Thunder": 28,
      "Wind": 20,
      "Fire": 34,
      "Lightning": 25,
      "Venom": 26,
      "Blood": 29,
      "Nectar": 26,
      "Metal": 30,
      "Moonshine": 28,
      "Shadow": 27,
      "Water": 24,
      "Space": 25,
      "Twilight": 28,
      "Sunbeam": 15
    }
  },
  "rankings": [
    [
      "expert",
      0.7
    ],
    [
      "hard",
      0.6666666666666666
    ],
    [
      "medium",
      0.4666666666666667
    ],
    [
      "easy",
      0.3
    ]
  ]
}