{
  "timestamp": "2025-09-08T20:20:53.740592",
  "games_per_matchup": 20,
  "total_time_seconds": 10.374557971954346,
  "win_rates": {
    "easy": {
      "medium": 0.35,
      "hard": 0.25,
      "expert": 0.55
    },
    "medium": {
      "easy": 0.6,
      "hard": 0.6,
      "expert": 0.4
    },
    "hard": {
      "easy": 0.55,
      "medium": 0.45,
      "expert": 0.45
    },
    "expert": {
      "easy": 0.6,
      "medium": 0.55,
      "hard": 0.5
    }
  },
  "game_lengths": {
    "easy_vs_medium": [
      16,
      14,
      5,
      24,
      21,
      12,
      16,
      20,
      17,
      13,
      10,
      14,
      16,
      5,
      11,
      20,
      18,
      9,
      15,
      32
    ],
    "medium_vs_easy": [
      15,
      11,
      11,
      23,
      10,
      19,
      19,
      32,
      19,
      6,
      13,
      26,
      18,
      27,
      15,
      15,
      48,
      7,
      12,
      16
    ],
    "easy_vs_hard": [
      13,
      11,
      8,
      8,
      12,
      13,
      11,
      7,
      8,
      7,
      13,
      8,
      9,
      15,
      12,
      14,
      14,
      14,
      12,
      7
    ],
    "hard_vs_easy": [
      14,
      14,
      15,
      13,
      9,
      7,
      12,
      10,
      7,
      6,
      10,
      6,
      14,
      6,
      7,
      7,
      10,
      15,
      10,
      9
    ],
    "easy_vs_expert": [
      13,
      7,
      12,
      10,
      23,
      9,
      4,
      14,
      46,
      13,
      10,
      14,
      19,
      12,
      9,
      16,
      11,
      11,
      6,
      27
    ],
    "expert_vs_easy": [
      5,
      122,
      7,
      22,
      11,
      22,
      7,
      12,
      5,
      13,
      10,
      20,
      15,
      12,
      5,
      9,
      12,
      8,
      13,
      13
    ],
    "medium_vs_hard": [
      7,
      13,
      11,
      14,
      16,
      15,
      7,
      11,
      10,
      12,
      8,
      9,
      8,
      11,
      13,
      21,
      11,
      20,
      9,
      13
    ],
    "hard_vs_medium": [
      17,
      5,
      11,
      16,
      7,
      11,
      16,
      7,
      13,
      13,
      12,
      13,
      9,
      21,
      17,
      15,
      10,
      7,
      9,
      12
    ],
    "medium_vs_expert": [
      9,
      12,
      15,
      10,
      20,
      10,
      23,
      10,
      16,
      15,
      9,
      10,
      13,
      19,
      14,
      18,
      11,
      8,
      10,
      10
    ],
    "expert_vs_medium": [
      10,
      10,
      10,
      8,
      18,
      9,
      12,
      10,
      16,
      15,
      13,
      13,
      14,
      11,
      16,
      13,
      22,
      22,
      16,
      13
    ],
    "hard_vs_expert": [
      10,
      13,
      9,
      9,
      7,
      11,
      11,
      9,
      9,
      6,
      20,
      6,
      9,
      5,
      10,
      11,
      18,
      14,
      7,
      12
    ],
    "expert_vs_hard": [
      11,
      15,
      6,
      8,
      13,
      10,
      10,
      11,
      9,
      8,
      8,
      9,
      7,
      6,
      8,
      19,
      9,
      12,
      9,
      23
    ]
  },
  "element_usage": {
    "easy": {
      "Fire": 41,
      "Wind": 37,
      "Metal": 58,
      "Shadow": 33,
      "Moonshine": 54,
      "Earth": 32,
      "Twilight": 68,
      "Blood": 44,
      "Water": 59,
      "Aster": 41,
      "Nectar": 66,
      "Thunder": 37,
      "Ichor": 58,
      "Lightning": 38,
      "Sunbeam": 43,
      "Wood": 77,
      "Space": 33,
      "Time": 32,
      "Venom": 36
    },
    "medium": {
      "Space": 27,
      "Metal": 80,
      "Wood": 47,
      "Twilight": 55,
      "Water": 54,
      "Nectar": 85,
      "Lightning": 36,
      "Sunbeam": 42,
      "Blood": 40,
      "Earth": 48,
      "Fire": 43,
      "Shadow": 36,
      "Moonshine": 74,
      "Venom": 42,
      "Aster": 37,
      "Thunder": 34,
      "Time": 38,
      "Ichor": 30,
      "Wind": 45
    },
    "hard": {
      "Space": 63,
      "Wind": 62,
      "Shadow": 54,
      "Earth": 62,
      "Ichor": 60,
      "Moonshine": 47,
      "Aster": 59,
      "Water": 53,
      "Twilight": 54,
      "Metal": 38,
      "Nectar": 50,
      "Thunder": 56,
      "Lightning": 67,
      "Sunbeam": 60,
      "Fire": 58,
      "Venom": 72,
      "Time": 49,
      "Blood": 67,
      "Wood": 42
    },
    "expert": {
      "Wind": 55,
      "Space": 56,
      "Metal": 52,
      "Venom": 67,
      "Twilight": 47,
      "Blood": 42,
      "Water": 61,
      "Time": 60,
      "Aster": 58,
      "Thunder": 70,
      "Lightning": 69,
      "Sunbeam": 41,
      "Earth": 47,
      "Fire": 49,
      "Moonshine": 62,
      "Shadow": 49,
      "Ichor": 48,
      "Nectar": 50,
      "Wood": 36
    }
  },
  "rankings": [
    [
      "expert",
      0.55
    ],
    [
      "medium",
      0.5333333333333333
    ],
    [
      "hard",
      0.48333333333333334
    ],
    [
      "easy",
      0.38333333333333336
    ]
  ]
}