{
  "timestamp": "2025-09-08T13:37:00.651032",
  "games_per_matchup": 50,
  "total_time_seconds": 28.779831171035767,
  "win_rates": {
    "easy": {
      "easy": 1.0,
      "medium": 0.36,
      "hard": 0.26,
      "expert": 0.26
    },
    "medium": {
      "easy": 0.62,
      "medium": 1.0,
      "hard": 0.5,
      "expert": 0.4
    },
    "hard": {
      "easy": 0.7,
      "medium": 0.42,
      "hard": 1.0,
      "expert": 0.44
    },
    "expert": {
      "easy": 0.68,
      "medium": 0.6,
      "hard": 0.64,
      "expert": 1.0
    }
  },
  "game_lengths": {
    "easy_vs_easy": [
      8,
      15,
      15,
      18,
      13,
      12,
      9,
      10,
      12,
      20,
      12,
      13,
      11,
      12,
      18,
      11,
      16,
      13,
      9,
      12,
      27,
      16,
      9,
      11,
      15,
      22,
      13,
      10,
      18,
      23,
      17,
      15,
      12,
      11,
      11,
      13,
      11,
      10,
      11,
      31,
      10,
      15,
      13,
      13,
      14,
      20,
      20,
      18,
      25,
      14
    ],
    "easy_vs_medium": [
      25,
      17,
      16,
      19,
      9,
      13,
      26,
      8,
      20,
      12,
      22,
      9,
      16,
      15,
      30,
      14,
      10,
      21,
      15,
      15,
      12,
      17,
      23,
      10,
      15,
      44,
      18,
      17,
      13,
      27,
      12,
      36,
      13,
      13,
      13,
      14,
      11,
      15,
      11,
      16,
      35,
      10,
      18,
      24,
      14,
      19,
      9,
      34,
      14,
      23
    ],
    "medium_vs_easy": [
      12,
      17,
      13,
      12,
      13,
      10,
      12,
      17,
      13,
      14,
      12,
      8,
      12,
      12,
      10,
      15,
      12,
      15,
      18,
      22,
      13,
      10,
      17,
      5,
      12,
      12,
      23,
      12,
      21,
      12,
      12,
      13,
      17,
      17,
      16,
      18,
      13,
      22,
      14,
      13,
      12,
      10,
      12,
      12,
      18,
      12,
      8,
      10,
      13,
      18
    ],
    "easy_vs_hard": [
      9,
      13,
      10,
      12,
      9,
      11,
      17,
      11,
      12,
      12,
      8,
      20,
      17,
      13,
      12,
      5,
      11,
      7,
      11,
      5,
      13,
      8,
      13,
      5,
      12,
      8,
      7,
      11,
      17,
      10,
      7,
      8,
      7,
      11,
      7,
      10,
      11,
      17,
      9,
      8,
      9,
      9,
      5,
      8,
      8,
      15,
      10,
      9,
      12,
      16
    ],
    "hard_vs_easy": [
      14,
      6,
      9,
      8,
      12,
      12,
      16,
      14,
      8,
      23,
      12,
      7,
      6,
      10,
      13,
      24,
      10,
      9,
      10,
      10,
      10,
      8,
      8,
      5,
      9,
      8,
      12,
      9,
      13,
      12,
      8,
      14,
      11,
      24,
      9,
      15,
      8,
      10,
      14,
      12,
      13,
      7,
      10,
      11,
      19,
      16,
      14,
      7,
      11,
      12
    ],
    "easy_vs_expert": [
      19,
      12,
      9,
      9,
      10,
      7,
      8,
      7,
      9,
      8,
      8,
      6,
      12,
      6,
      5,
      13,
      11,
      14,
      12,
      11,
      13,
      7,
      13,
      11,
      10,
      11,
      10,
      17,
      14,
      22,
      11,
      8,
      13,
      14,
      7,
      14,
      9,
      11,
      11,
      9,
      13,
      12,
      14,
      13,
      6,
      8,
      16,
      12,
      14,
      12
    ],
    "expert_vs_easy": [
      14,
      5,
      11,
      8,
      10,
      9,
      9,
      11,
      5,
      8,
      10,
      14,
      20,
      8,
      11,
      16,
      9,
      15,
      16,
      13,
      6,
      18,
      15,
      11,
      9,
      9,
      5,
      6,
      12,
      8,
      25,
      6,
      10,
      14,
      14,
      3,
      8,
      8,
      12,
      11,
      3,
      4,
      12,
      8,
      17,
      16,
      8,
      13,
      10,
      14
    ],
    "medium_vs_medium": [
      14,
      23,
      16,
      20,
      23,
      23,
      18,
      26,
      29,
      18,
      16,
      13,
      17,
      19,
      12,
      18,
      25,
      46,
      14,
      16,
      16,
      15,
      25,
      14,
      11,
      18,
      19,
      16,
      39,
      16,
      26,
      11,
      22,
      20,
      22,
      22,
      14,
      23,
      22,
      14,
      24,
      16,
      11,
      16,
      9,
      14,
      10,
      25,
      17,
      14
    ],
    "medium_vs_hard": [
      5,
      16,
      11,
      11,
      11,
      6,
      8,
      9,
      9,
      13,
      9,
      13,
      9,
      12,
      5,
      13,
      14,
      17,
      17,
      13,
      23,
      8,
      12,
      10,
      10,
      9,
      7,
      18,
      10,
      23,
      16,
      16,
      16,
      12,
      15,
      7,
      6,
      15,
      15,
      24,
      19,
      9,
      8,
      11,
      12,
      12,
      11,
      17,
      10,
      11
    ],
    "hard_vs_medium": [
      14,
      14,
      6,
      11,
      13,
      15,
      15,
      18,
      13,
      6,
      10,
      14,
      14,
      12,
      8,
      9,
      12,
      14,
      13,
      13,
      14,
      9,
      12,
      11,
      9,
      13,
      8,
      10,
      8,
      22,
      16,
      12,
      12,
      11,
      16,
      14,
      15,
      17,
      8,
      5,
      13,
      12,
      11,
      6,
      39,
      11,
      7,
      10,
      13,
      7
    ],
    "medium_vs_expert": [
      13,
      10,
      17,
      21,
      12,
      12,
      15,
      19,
      12,
      13,
      15,
      17,
      21,
      13,
      12,
      13,
      13,
      7,
      12,
      19,
      13,
      11,
      13,
      21,
      7,
      23,
      8,
      10,
      11,
      9,
      7,
      11,
      11,
      21,
      19,
      17,
      5,
      12,
      14,
      17,
      14,
      7,
      9,
      15,
      12,
      14,
      16,
      11,
      9,
      13
    ],
    "expert_vs_medium": [
      25,
      18,
      10,
      11,
      15,
      11,
      9,
      11,
      7,
      13,
      15,
      15,
      17,
      12,
      12,
      13,
      16,
      23,
      11,
      6,
      17,
      11,
      15,
      27,
      13,
      13,
      11,
      15,
      13,
      18,
      22,
      23,
      10,
      6,
      12,
      12,
      13,
      12,
      5,
      14,
      15,
      9,
      10,
      11,
      15,
      20,
      13,
      10,
      12,
      10
    ],
    "hard_vs_hard": [
      4,
      9,
      8,
      13,
      9,
      7,
      7,
      5,
      6,
      15,
      11,
      11,
      27,
      8,
      5,
      17,
      6,
      9,
      9,
      10,
      6,
      7,
      4,
      13,
      13,
      9,
      7,
      12,
      8,
      16,
      13,
      9,
      7,
      9,
      8,
      7,
      9,
      8,
      6,
      6,
      6,
      4,
      9,
      6,
      7,
      7,
      9,
      7,
      6,
      8
    ],
    "hard_vs_expert": [
      7,
      9,
      15,
      7,
      9,
      11,
      7,
      9,
      9,
      13,
      4,
      7,
      10,
      14,
      8,
      13,
      9,
      9,
      9,
      14,
      6,
      7,
      12,
      12,
      10,
      14,
      12,
      11,
      7,
      7,
      5,
      10,
      7,
      13,
      10,
      6,
      21,
      8,
      7,
      4,
      4,
      9,
      8,
      10,
      8,
      10,
      9,
      10,
      9,
      5
    ],