{
  "timestamp": "2025-09-09T03:11:06.433734",
  "games_per_matchup": 30,
  "total_time_seconds": 12.600368022918701,
  "win_rates": {
    "easy": {
      "medium": 0.36666666666666664,
      "hard": 0.4,
      "expert": 0.23333333333333334
    },
    "medium": {
      "easy": 0.5666666666666667,
      "hard": 0.26666666666666666,
      "expert": 0.4666666666666667
    },
    "hard": {
      "easy": 0.7,
      "medium": 0.4,
      "expert": 0.3
    },
    "expert": {
      "easy": 0.8333333333333334,
      "medium": 0.6,
      "hard": 0.6333333333333333
    }
  },
  "game_lengths": {
    "easy_vs_medium": [
      9,
      24,
      13,
      16,
      20,
      13,
      38,
      14,
      21,
      20,
      13,
      12,
      18,
      18,
      9,
      7,
      11,
      21,
      19,
      19,
      21,
      9,
      11,
      21,
      12,
      11,
      16,
      10,
      11,
      15
    ],
    "medium_vs_easy": [
      14,
      18,
      39,
      25,
      23,
      17,
      9,
      14,
      13,
      14,
      22,
      20,
      11,
      12,
      13,
      17,
      27,
      14,
      34,
      8,
      13,
      16,
      13,
      13,
      33,
      10,
      18,
      8,
      16,
      18
    ],
    "easy_vs_hard": [
      21,
      7,
      15,
      20,
      10,
      12,
      13,
      8,
      8,
      7,
      16,
      8,
      11,
      13,
      11,
      8,
      8,
      11,
      17,
      9,
      10,
      10,
      11,
      6,
      13,
      7,
      11,
      11,
      9,
      13
    ],
    "hard_vs_easy": [
      11,
      13,
      11,
      11,
      15,
      5,
      14,
      10,
      16,
      8,
      12,
      18,
      7,
      7,
      9,
      7,
      7,
      12,
      8,
      10,
      20,
      8,
      15,
      10,
      10,
      10,
      7,
      12,
      10,
      10
    ],
    "easy_vs_expert": [
      12,
      12,
      11,
      15,
      12,
      13,
      11,
      10,
      9,
      13,
      11,
      15,
      11,
      12,
      20,
      11,
      6,
      8,
      7,
      7,
      9,
      14,
      7,
      11,
      10,
      8,
      12,
      6,
      19,
      9
    ],
    "expert_vs_easy": [
      12,
      10,
      8,
      12,
      7,
      10,
      6,
      13,
      9,
      12,
      11,
      13,
      15,
      15,
      9,
      12,
      11,
      5,
      18,
      6,
      11,
      15,
      14,
      10,
      15,
      10,
      14,
      12,
      11,
      13
    ],
    "medium_vs_hard": [
      10,
      15,
      9,
      5,
      12,
      8,
      13,
      4,
      10,
      11,
      12,
      8,
      12,
      12,
      14,
      11,
      14,
      7,
      16,
      9,
      11,
      12,
      3,
      15,
      10,
      12,
      14,
      21,
      10,
      7
    ],
    "hard_vs_medium": [
      9,
      11,
      24,
      13,
      15,
      16,
      12,
      9,
      10,
      19,
      13,
      13,
      9,
      11,
      18,
      6,
      13,
      13,
      11,
      13,
      12,
      13,
      7,
      8,
      19,
      10,
      17,
      12,
      13,
      12
    ],
    "medium_vs_expert": [
      5,
      13,
      23,
      14,
      15,
      7,
      11,
      10,
      12,
      16,
      37,
      19,
      14,
      9,
      12,
      24,
      7,
      11,
      8,
      12,
      17,
      21,
      12,
      13,
      12,
      5,
      16,
      18,
      19,
      10
    ],
    "expert_vs_medium": [
      11,
      7,
      16,
      19,
      11,
      10,
      27,
      13,
      12,
      10,
      12,
      10,
      17,
      9,
      11,
      16,
      15,
      10,
      10,
      11,
      3,
      10,
      22,
      7,
      14,
      7,
      12,
      26,
      12,
      12
    ],
    "hard_vs_expert": [
      11,
      9,
      8,
      9,
      11,
      7,
      12,
      9,
      12,
      9,
      10,
      9,
      10,
      9,
      11,
      10,
      6,
      10,
      10,
      5,
      7,
      16,
      10,
      7,
      12,
      11,
      11,
      9,
      11,
      10
    ],
    "expert_vs_hard": [
      13,
      6,
      9,
      6,
      7,
      8,
      9,
      12,
      10,
      7,
      11,
      10,
      8,
      12,
      7,
      9,
      10,
      12,
      6,
      8,
      9,
      9,
      3,
      11,
      12,
      8,
      7,
      4,
      12,
      7
    ]
  },
  "element_usage": {
    "easy": {
      "Aster": 59,
      "Ichor": 89,
      "Time": 51,
      "Wood": 113,
      "Sunbeam": 52,
      "Wind": 66,
      "Nectar": 87,
      "Moonshine": 91,
      "Fire": 51,
      "Shadow": 53,
      "Metal": 99,
      "Twilight": 95,
      "Water": 106,
      "Earth": 63,
      "Venom": 58,
      "Blood": 71,
      "Thunder": 55,
      "Space": 53,
      "Lightning": 46
    },
    "medium": {
      "Aster": 59,
      "Venom": 55,
      "Space": 67,
      "Water": 89,
      "Earth": 82,
      "Moonshine": 112,
      "Metal": 116,
      "Fire": 54,
      "Nectar": 132,
      "Twilight": 80,
      "Time": 52,
      "Wood": 51,
      "Sunbeam": 51,
      "Wind": 62,
      "Ichor": 51,
      "Shadow": 45,
      "Blood": 51,
      "Lightning": 52,
      "Thunder": 66
    },
    "hard": {
      "Twilight": 81,
      "Aster": 101,
      "Time": 87,
      "Space": 92,
      "Thunder": 93,
      "Venom": 114,
      "Fire": 110,
      "Wind": 98,
      "Lightning": 93,
      "Blood": 106,
      "Moonshine": 89,
      "Earth": 98,
      "Wood": 88,
      "Sunbeam": 92,
      "Water": 87,
      "Shadow": 107,
      "Metal": 73,
      "Nectar": 77,
      "Ichor": 91
    },
    "expert": {
      "Thunder": 96,
      "Wood": 66,
      "Venom": 105,
      "Time": 99,
      "Space": 68,
      "Wind": 86,
      "Shadow": 65,
      "Lightning": 97,
      "Blood": 60,
      "Moonshine": 91,
      "Water": 88,
      "Fire": 88,
      "Metal": 87,
      "Twilight": 83,
      "Aster": 86,
      "Ichor": 77,
      "Earth": 69,
      "Sunbeam": 56,
      "Nectar": 79
    }
  },
  "rankings": [
    [
      "expert",
      0.6888888888888889
    ],
    [
      "hard",
      0.4666666666666667
    ],
    [
      "medium",
      0.43333333333333335
    ],
    [
      "easy",
      0.3333333333333333
    ]
  ]
}