{
  "timestamp": "2025-09-09T02:03:09.662446",
  "games_per_matchup": 20,
  "total_time_seconds": 8.702856302261353,
  "win_rates": {
    "easy": {
      "medium": 0.7,
      "hard": 0.3,
      "expert": 0.35
    },
    "medium": {
      "easy": 0.55,
      "hard": 0.45,
      "expert": 0.45
    },
    "hard": {
      "easy": 0.75,
      "medium": 0.4,
      "expert": 0.4
    },
    "expert": {
      "easy": 0.7,
      "medium": 0.45,
      "hard": 0.6
    }
  },
  "game_lengths": {
    "easy_vs_medium": [
      18,
      17,
      16,
      7,
      11,
      20,
      9,
      13,
      11,
      13,
      13,
      5,
      13,
      12,
      21,
      21,
      18,
      14,
      14,
      14
    ],
    "medium_vs_easy": [
      28,
      15,
      16,
      16,
      22,
      33,
      17,
      12,
      20,
      11,
      13,
      11,
      15,
      15,
      15,
      13,
      6,
      12,
      14,
      9
    ],
    "easy_vs_hard": [
      19,
      20,
      6,
      7,
      12,
      11,
      11,
      13,
      12,
      12,
      21,
      8,
      6,
      8,
      10,
      11,
      11,
      6,
      14,
      7
    ],
    "hard_vs_easy": [
      12,
      9,
      8,
      9,
      12,
      10,
      9,
      10,
      13,
      13,
      10,
      6,
      7,
      13,
      11,
      17,
      13,
      9,
      11,
      10
    ],
    "easy_vs_expert": [
      10,
      12,
      7,
      9,
      12,
      21,
      7,
      18,
      14,
      6,
      14,
      6,
      13,
      12,
      17,
      10,
      16,
      9,
      15,
      13
    ],
    "expert_vs_easy": [
      14,
      14,
      27,
      10,
      12,
      11,
      15,
      11,
      13,
      15,
      12,
      12,
      12,
      11,
      9,
      19,
      10,
      11,
      11,
      8
    ],
    "medium_vs_hard": [
      10,
      11,
      9,
      9,
      8,
      17,
      12,
      10,
      16,
      11,
      12,
      11,
      10,
      11,
      14,
      19,
      10,
      11,
      7,
      10
    ],
    "hard_vs_medium": [
      15,
      13,
      14,
      15,
      22,
      6,
      18,
      9,
      14,
      9,
      16,
      11,
      9,
      10,
      11,
      10,
      10,
      10,
      12,
      5
    ],
    "medium_vs_expert": [
      8,
      8,
      15,
      17,
      14,
      9,
      12,
      26,
      17,
      13,
      7,
      12,
      11,
      8,
      14,
      13,
      16,
      12,
      19,
      16
    ],
    "expert_vs_medium": [
      15,
      9,
      17,
      6,
      9,
      16,
      12,
      23,
      12,
      9,
      15,
      11,
      11,
      11,
      7,
      9,
      15,
      20,
      19,
      15
    ],
    "hard_vs_expert": [
      13,
      6,
      6,
      13,
      6,
      17,
      7,
      17,
      10,
      6,
      15,
      12,
      8,
      11,
      7,
      8,
      12,
      6,
      9,
      8
    ],
    "expert_vs_hard": [
      6,
      5,
      9,
      15,
      13,
      5,
      4,
      7,
      7,
      9,
      17,
      6,
      13,
      4,
      5,
      5,
      12,
      10,
      6,
      15
    ]
  },
  "element_usage": {
    "easy": {
      "Metal": 62,
      "Aster": 44,
      "Twilight": 72,
      "Lightning": 47,
      "Blood": 44,
      "Wood": 72,
      "Venom": 40,
      "Water": 65,
      "Space": 43,
      "Fire": 38,
      "Ichor": 60,
      "Sunbeam": 36,
      "Nectar": 63,
      "Wind": 40,
      "Thunder": 45,
      "Earth": 42,
      "Shadow": 48,
      "Moonshine": 73,
      "Time": 42
    },
    "medium": {
      "Wind": 41,
      "Thunder": 34,
      "Twilight": 46,
      "Lightning": 32,
      "Time": 46,
      "Wood": 41,
      "Earth": 57,
      "Blood": 38,
      "Venom": 42,
      "Sunbeam": 39,
      "Nectar": 89,
      "Shadow": 27,
      "Moonshine": 66,
      "Metal": 74,
      "Aster": 34,
      "Space": 36,
      "Fire": 36,
      "Water": 61,
      "Ichor": 32
    },
    "hard": {
      "Metal": 59,
      "Aster": 55,
      "Thunder": 69,
      "Earth": 67,
      "Blood": 86,
      "Wood": 58,
      "Time": 59,
      "Lightning": 60,
      "Sunbeam": 76,
      "Space": 65,
      "Fire": 58,
      "Shadow": 48,
      "Moonshine": 58,
      "Twilight": 49,
      "Water": 59,
      "Nectar": 53,
      "Wind": 55,
      "Ichor": 54,
      "Venom": 50
    },
    "expert": {
      "Aster": 50,
      "Wind": 44,
      "Twilight": 66,
      "Earth": 52,
      "Blood": 38,
      "Venom": 67,
      "Shadow": 50,
      "Water": 54,
      "Space": 45,
      "Ichor": 47,
      "Moonshine": 63,
      "Thunder": 65,
      "Metal": 60,
      "Time": 59,
      "Wood": 44,
      "Fire": 52,
      "Sunbeam": 34,
      "Nectar": 66,
      "Lightning": 62
    }
  },
  "rankings": [
    [
      "expert",
      0.5833333333333334
    ],
    [
      "hard",
      0.5166666666666667
    ],
    [
      "medium",
      0.48333333333333334
    ],
    [
      "easy",
      0.45
    ]
  ]
}